account_seq,emp_id,system_cd,system_nm,login_id,account_type,account_status,permission_level,create_dt,last_pw_change_dt,last_review_dt
1000,10013,CRED,신용평가시스템,10013,general,active,write,2021-01-21,2025-10-09,2026-02-01
1001,10013,DEVP,개발포털,10013,general,active,write,2021-01-20,2026-01-06,2026-02-04
1002,10013,DW,데이터웨어하우스,10013,general,active,write,2021-01-21,2026-01-11,2026-03-28
1003,10018,CRED,신용평가시스템,10018,general,active,write,2020-12-30,2026-01-04,2026-01-13
1004,10018,PORTAL,고객포털,10018,general,active,write,2021-01-01,2026-04-15,2026-04-05
1005,10018,ERP,경영관리시스템,10018,general,active,read,2021-01-01,2025-01-18,2025-12-16
1006,10018,DW,데이터웨어하우스,10018,general,active,write,2020-12-28,2025-07-31,2025-12-13
1007,10018,DEVP,개발포털,10018,general,active,write,2020-12-29,2025-12-29,2026-01-29
1008,10055,PORTAL,고객포털,10055,general,active,read,2022-06-27,2025-04-22,2025-12-03
1009,10055,ERP,경영관리시스템,10055,general,active,read,2022-06-30,2025-07-11,2026-03-27
1010,10070,PORTAL,고객포털,10070,general,active,read,2024-04-05,2025-12-04,2026-04-03
1011,10070,ERP,경영관리시스템,10070,general,active,read,2024-04-08,2025-01-04,2025-12-05
1012,10106,CRED,신용평가시스템,10106,general,active,write,2017-10-24,2025-01-09,2026-03-16
1013,10106,PORTAL,고객포털,10106,general,active,read,2017-10-24,2025-05-27,2026-02-09
1014,10106,ERP,경영관리시스템,10106,general,active,read,2017-10-20,2025-12-12,2026-04-08
1015,10106,DW,데이터웨어하우스,10106,general,active,write,2017-10-23,2026-04-16,2026-01-15
1016,10106,DEVP,개발포털,10106,general,active,write,2017-10-20,2025-05-04,2026-04-14
1017,10116,CRED,신용평가시스템,10116,general,active,write,2018-02-09,2026-02-22,2026-04-14
1018,10116,PORTAL,고객포털,10116,general,active,write,2018-02-10,2025-02-10,2026-02-07
1019,10116,ERP,경영관리시스템,10116,general,active,write,2018-02-10,2025-10-17,2026-03-14
1020,10116,DW,데이터웨어하우스,10116,general,active,write,2018-02-09,2025-12-17,2026-01-27
1021,10116,DEVP,개발포털,10116,general,active,write,2018-02-08,2025-07-27,2025-12-09
1022,10212,CRED,신용평가시스템,10212,general,active,read,2024-11-26,2025-09-01,2026-03-07
1023,10212,PORTAL,고객포털,10212,general,active,read,2024-11-23,2025-03-29,2025-12-03
1024,10212,ERP,경영관리시스템,10212,general,active,write,2024-11-23,2025-11-27,2026-04-07
1025,10212,DW,데이터웨어하우스,10212,general,active,read,2024-11-25,2026-04-16,2025-12-25
1026,10212,DEVP,개발포털,10212,general,active,write,2024-11-23,2026-04-07,2026-01-28
1027,10235,PORTAL,고객포털,10235,general,active,read,2020-02-23,2025-05-19,2026-04-01
1028,10235,ERP,경영관리시스템,10235,general,active,read,2020-02-19,2025-12-17,2025-12-20
1029,10256,CRED,신용평가시스템,10256,general,inactive,write,2024-04-25,2026-04-21,2025-12-09
1030,10256,PORTAL,고객포털,10256,general,inactive,write,2024-04-25,2025-10-28,2025-12-05
1031,10256,ERP,경영관리시스템,10256,general,inactive,write,2024-04-24,2025-06-03,2026-03-12
1032,10256,DW,데이터웨어하우스,10256,general,inactive,read,2024-04-24,2026-03-04,2026-01-31
1033,10256,DEVP,개발포털,10256,general,inactive,write,2024-04-26,2026-01-22,2026-02-23
1034,10305,PORTAL,고객포털,10305,general,active,read,2025-08-25,2025-09-14,2025-12-21
1035,10305,ERP,경영관리시스템,10305,general,active,read,2025-08-26,2025-02-20,2025-12-14
1036,10316,CRED,신용평가시스템,10316,general,active,write,2020-07-14,2025-06-24,2024-06-22
1037,10316,ERP,경영관리시스템,10316,general,active,write,2020-07-15,2025-01-16,2026-03-12
1038,10316,DW,데이터웨어하우스,10316,general,active,write,2020-07-13,2025-04-27,2026-03-26
1039,10376,PORTAL,고객포털,10376,general,active,read,2018-06-21,2025-08-10,2026-03-07
1040,10376,ERP,경영관리시스템,10376,general,active,read,2018-06-20,2025-02-13,2026-03-08
1041,10483,PORTAL,고객포털,10483,general,active,read,2022-10-25,2026-02-13,2026-02-14
1042,10483,ERP,경영관리시스템,10483,general,active,read,2022-10-22,2025-02-12,2025-12-19
1043,10638,CRED,신용평가시스템,10638,general,active,write,2025-02-01,2025-12-31,2026-01-09
1044,10638,PORTAL,고객포털,10638,general,active,write,2025-01-31,2025-07-04,2026-03-10
1045,10638,ERP,경영관리시스템,10638,general,active,write,2025-01-30,2026-04-28,2025-12-24
1046,10638,DW,데이터웨어하우스,10638,general,active,write,2025-02-01,2026-01-25,2026-03-24
1047,10638,DEVP,개발포털,10638,general,active,write,2025-02-01,2025-02-14,2025-12-27
1048,10689,PORTAL,고객포털,10689,general,active,read,2020-11-16,2025-08-18,2026-03-21
1049,10689,ERP,경영관리시스템,10689,general,active,read,2020-11-19,2025-07-28,2026-04-11
1050,10775,PORTAL,고객포털,10775,general,active,read,2020-02-14,2025-02-15,2025-12-07
1051,10775,ERP,경영관리시스템,10775,general,active,read,2020-02-16,2025-11-02,2025-12-24
1052,10800,CRED,신용평가시스템,10800,general,active,write,2018-12-12,2025-01-07,2026-02-22
1053,10800,DEVP,개발포털,10800,general,active,write,2018-12-10,2026-02-03,2026-03-16
1054,10800,DW,데이터웨어하우스,10800,general,active,read,2018-12-08,2025-09-24,2026-02-01
1055,10812,CRED,신용평가시스템,10812,general,active,write,2024-11-10,2025-03-13,2026-03-08
1056,10812,PORTAL,고객포털,10812,general,active,write,2024-11-11,2025-09-10,2026-02-16
1057,10812,ERP,경영관리시스템,10812,general,active,write,2024-11-10,2025-08-11,2025-12-17
1058,10812,DW,데이터웨어하우스,10812,general,active,write,2024-11-11,2025-09-05,2026-03-18
1059,10812,DEVP,개발포털,10812,general,active,write,2024-11-09,2026-04-29,2026-03-03
1060,10819,CRED,신용평가시스템,10819,general,active,read,2018-05-24,2025-11-12,2026-04-06
1061,10819,DEVP,개발포털,10819,general,active,write,2018-05-24,2025-03-11,2026-03-28
1062,10819,DW,데이터웨어하우스,10819,general,active,write,2018-05-25,2025-06-20,2025-12-02
1063,10869,PORTAL,고객포털,10869,general,inactive,read,2020-09-26,2026-02-16,2026-03-08
1064,10869,ERP,경영관리시스템,10869,general,inactive,read,2020-09-24,2025-06-21,2026-03-23
1065,10904,PORTAL,고객포털,10904,general,active,read,2024-08-14,2025-06-03,2026-01-04
1066,10904,ERP,경영관리시스템,10904,general,active,read,2024-08-13,2025-09-03,2026-01-21
1067,10976,PORTAL,고객포털,10976,general,active,read,2020-12-18,2025-07-23,2026-01-15
1068,10976,ERP,경영관리시스템,10976,general,active,read,2020-12-18,2026-01-12,2026-02-13
1069,11029,CRED,신용평가시스템,11029,general,active,write,2025-09-13,2025-07-12,2026-02-01
1070,11029,DEVP,개발포털,11029,general,active,write,2025-09-12,2025-02-28,2026-03-11
1071,11029,DW,데이터웨어하우스,11029,general,active,read,2025-09-14,2025-10-07,2026-01-21
1072,11041,PORTAL,고객포털,11041,general,active,read,2024-06-10,2026-01-08,2025-12-07
1073,11041,ERP,경영관리시스템,11041,general,active,read,2024-06-12,2025-08-13,2026-01-23
1074,11051,PORTAL,고객포털,11051,general,active,read,2021-07-27,2026-02-24,2025-12-18
1075,11051,ERP,경영관리시스템,11051,general,active,read,2021-07-28,2025-03-13,2026-04-07
1076,11180,CRED,신용평가시스템,11180,general,active,write,2025-02-03,2025-12-04,2026-01-31
1077,11180,DEVP,개발포털,11180,general,active,write,2025-02-02,2025-02-07,2024-12-11
1078,11180,DW,데이터웨어하우스,11180,general,active,read,2025-02-04,2025-07-25,2026-04-02
1079,11253,PORTAL,고객포털,11253,general,inactive,read,2022-06-11,2026-04-18,2026-04-09
1080,11253,ERP,경영관리시스템,11253,general,inactive,read,2022-06-10,2026-02-09,2025-12-10
1081,11268,PORTAL,고객포털,11268,general,active,read,2018-03-17,2025-02-25,2025-12-22
1082,11268,ERP,경영관리시스템,11268,general,active,read,2018-03-16,2025-03-27,2026-03-01
1083,11302,PORTAL,고객포털,11302,general,active,read,2025-06-05,2025-10-16,2025-12-12
1084,11302,ERP,경영관리시스템,11302,general,active,read,2025-06-04,2026-02-12,2026-02-23
1085,11307,CRED,신용평가시스템,11307,general,inactive,write,2020-01-10,2025-02-20,2025-12-28
1086,11307,DEVP,개발포털,11307,general,inactive,read,2020-01-09,2026-01-18,2026-01-26
1087,11307,DW,데이터웨어하우스,11307,general,inactive,write,2020-01-11,2025-07-11,2026-01-26
1088,11370,PORTAL,고객포털,11370,general,active,read,2022-08-15,2026-01-31,2024-01-15
1089,11370,ERP,경영관리시스템,11370,general,active,read,2022-08-16,2025-03-19,2026-04-08
1090,11423,PORTAL,고객포털,11423,general,active,read,2020-07-18,2025-09-05,2025-12-07
1091,11423,ERP,경영관리시스템,11423,general,active,read,2020-07-16,2025-08-01,2026-02-14
1092,11444,PORTAL,고객포털,11444,general,active,read,2018-05-01,2026-03-02,2025-12-30
1093,11444,ERP,경영관리시스템,11444,general,active,read,2018-05-02,2025-06-09,2026-02-28
1094,11454,PORTAL,고객포털,11454,general,inactive,read,2024-12-13,2026-02-06,2026-03-27
1095,11454,ERP,경영관리시스템,11454,general,inactive,read,2024-12-12,2025-09-05,2026-04-13
1096,11501,PORTAL,고객포털,11501,general,active,read,2021-02-11,2025-02-19,2026-04-01
1097,11501,ERP,경영관리시스템,11501,general,active,read,2021-02-12,2025-06-13,2026-03-26
1098,11514,PORTAL,고객포털,11514,general,active,read,2023-01-25,2025-01-23,2026-02-15
1099,11514,ERP,경영관리시스템,11514,general,active,read,2023-01-25,2026-03-11,2025-12-06
1100,11543,CRED,신용평가시스템,11543,general,inactive,read,2023-08-29,2026-02-14,2025-12-28
1101,11543,DEVP,개발포털,11543,general,active,read,2023-08-28,2025-03-31,2026-02-01
1102,11543,DW,데이터웨어하우스,11543,general,active,write,2023-08-31,2025-10-14,2026-01-10
1103,11643,CRED,신용평가시스템,11643,general,active,write,2024-06-15,2026-02-13,2026-03-29
1104,11643,DEVP,개발포털,11643,general,active,write,2024-06-15,2025-11-24,2026-01-17
1105,11643,DW,데이터웨어하우스,11643,general,active,write,2024-06-15,2026-01-13,2026-03-12
1106,11657,PORTAL,고객포털,11657,general,active,read,2022-10-28,2025-08-19,2026-01-20
1107,11657,ERP,경영관리시스템,11657,general,active,read,2022-10-28,2025-07-19,2026-03-20
1108,11664,CRED,신용평가시스템,11664,general,inactive,write,2022-11-27,2025-05-23,2026-01-24
1109,11664,DEVP,개발포털,11664,general,active,read,2022-11-27,2025-04-06,2025-12-27
1110,11664,DW,데이터웨어하우스,11664,general,inactive,write,2022-11-29,2025-08-23,2026-02-22
1111,11775,PORTAL,고객포털,11775,general,active,read,2022-03-03,2025-12-10,2026-02-06
1112,11775,ERP,경영관리시스템,11775,general,active,read,2022-03-06,2025-11-24,2026-04-15
1113,11832,PORTAL,고객포털,11832,general,active,read,2018-06-21,2025-11-09,2024-12-26
1114,11832,ERP,경영관리시스템,11832,general,active,read,2018-06-22,2025-06-28,2025-12-30
1115,11863,PORTAL,고객포털,11863,general,active,read,2020-11-17,2025-11-13,2026-03-28
1116,11863,ERP,경영관리시스템,11863,general,active,read,2020-11-16,2026-04-16,2026-02-15
1117,11873,PORTAL,고객포털,11873,general,active,read,2019-12-27,2025-12-11,2025-12-22
1118,11873,ERP,경영관리시스템,11873,general,active,read,2019-12-24,2025-03-02,2024-02-24
1119,11898,CRED,신용평가시스템,11898,general,active,write,2017-02-19,2025-04-04,2026-02-17
1120,11898,DEVP,개발포털,11898,general,active,read,2017-02-20,2025-07-18,2026-01-06
1121,11898,DW,데이터웨어하우스,11898,general,active,read,2017-02-21,2025-07-16,2026-01-05
1122,11916,CRED,신용평가시스템,11916,general,active,write,2020-03-01,2025-11-22,2026-01-17
1123,11916,PORTAL,고객포털,11916,general,active,read,2020-03-02,2025-03-27,2026-01-14
1124,11916,ERP,경영관리시스템,11916,general,active,write,2020-03-01,2025-04-06,2026-02-12
1125,11916,DW,데이터웨어하우스,11916,general,active,read,2020-02-29,2025-01-28,2026-03-26
1126,11916,DEVP,개발포털,11916,general,active,write,2020-02-29,2025-03-11,2025-12-03
1127,11921,PORTAL,고객포털,11921,general,active,read,2021-11-02,2025-10-15,2026-03-09
1128,11921,ERP,경영관리시스템,11921,general,active,read,2021-11-05,2025-07-29,2026-04-06
1129,11929,PORTAL,고객포털,11929,general,active,read,2017-02-16,2025-12-30,2026-03-17
1130,11929,ERP,경영관리시스템,11929,general,active,read,2017-02-16,2025-03-27,2026-04-05
1131,11986,PORTAL,고객포털,11986,general,active,read,2017-06-11,2026-02-12,2025-12-08
1132,11986,ERP,경영관리시스템,11986,general,active,read,2017-06-12,2025-01-17,2026-02-13
1133,11997,PORTAL,고객포털,11997,general,active,read,2019-04-29,2025-10-03,2026-01-27
1134,11997,ERP,경영관리시스템,11997,general,active,read,2019-04-29,2026-02-04,2026-01-13
1135,12081,PORTAL,고객포털,12081,general,active,read,2020-04-02,2025-10-09,2026-04-06
1136,12081,ERP,경영관리시스템,12081,general,active,read,2020-04-03,2025-10-21,2025-12-29
1137,12098,PORTAL,고객포털,12098,general,active,read,2025-11-24,2026-02-01,2026-02-07
1138,12098,ERP,경영관리시스템,12098,general,active,read,2025-11-28,2025-10-05,2026-03-04
1139,12168,CRED,신용평가시스템,12168,general,active,read,2017-09-22,2025-04-22,2026-03-23
1140,12168,DEVP,개발포털,12168,general,active,read,2017-09-25,2026-03-01,2025-12-27
1141,12168,DW,데이터웨어하우스,12168,general,active,write,2017-09-23,2025-08-19,2026-02-15
1142,12208,PORTAL,고객포털,12208,general,active,read,2021-07-03,2026-03-18,2026-02-28
1143,12208,ERP,경영관리시스템,12208,general,active,read,2021-07-01,2026-03-20,2026-03-23
1144,12226,PORTAL,고객포털,12226,general,active,read,2018-11-30,2025-04-18,2026-01-30
1145,12226,ERP,경영관리시스템,12226,general,active,read,2018-12-04,2026-03-17,2026-02-28
1146,12245,PORTAL,고객포털,12245,general,active,read,2024-05-07,2025-03-26,2026-03-20
1147,12245,ERP,경영관리시스템,12245,general,active,read,2024-05-07,2026-02-06,2026-01-05
1148,12254,CRED,신용평가시스템,12254,general,active,write,2025-05-16,2025-10-19,2026-01-22
1149,12254,DEVP,개발포털,12254,general,active,read,2025-05-17,2025-10-03,2026-02-10
1150,12254,DW,데이터웨어하우스,12254,general,active,read,2025-05-16,2025-05-30,2026-02-21
1151,12267,PORTAL,고객포털,12267,admin,active,admin,2021-11-10,2026-03-16,2026-02-07
1152,12267,ERP,경영관리시스템,12267,general,active,read,2021-11-12,2025-03-11,2025-12-25
1153,12274,PORTAL,고객포털,12274,general,active,read,2025-12-08,2025-05-22,2025-12-16
1154,12274,ERP,경영관리시스템,12274,general,active,read,2025-12-06,2025-05-08,2026-01-03
1155,12279,PORTAL,고객포털,12279,general,inactive,read,2022-11-22,2026-03-01,2026-02-21
1156,12279,ERP,경영관리시스템,12279,general,inactive,read,2022-11-22,2025-09-08,2026-03-11
1157,12292,CRED,신용평가시스템,12292,general,active,read,2024-10-19,2025-08-01,2026-02-07
1158,12292,ERP,경영관리시스템,12292,general,active,write,2024-10-21,2025-11-21,2026-03-26
1159,12292,DW,데이터웨어하우스,12292,general,active,read,2024-10-18,2026-01-19,2026-03-14
1160,12321,CRED,신용평가시스템,12321,general,active,write,2017-08-23,2025-09-07,2026-03-05
1161,12321,DEVP,개발포털,12321,general,active,read,2017-08-23,2025-02-17,2025-12-01
1162,12321,DW,데이터웨어하우스,12321,general,active,write,2017-08-24,2026-02-12,2026-03-02
1163,12326,PORTAL,고객포털,12326,general,active,read,2016-10-23,2025-04-22,2026-03-12
1164,12326,ERP,경영관리시스템,12326,general,active,read,2016-10-22,2025-09-11,2026-01-24
1165,12339,PORTAL,고객포털,12339,general,active,read,2025-11-21,2026-03-01,2026-02-21
1166,12339,ERP,경영관리시스템,12339,admin,active,admin,2025-11-21,2025-10-08,2026-02-25
1167,12377,PORTAL,고객포털,12377,general,active,read,2025-11-25,2025-10-17,2026-01-03
1168,12377,ERP,경영관리시스템,12377,general,active,read,2025-11-24,2026-04-03,2026-02-26
1169,12400,PORTAL,고객포털,12400,general,active,read,2018-08-17,2025-02-20,2025-12-12
1170,12400,ERP,경영관리시스템,12400,general,active,read,2018-08-20,2025-03-05,2025-12-05
1171,12465,PORTAL,고객포털,12465,general,active,read,2019-08-19,2025-08-22,2026-03-23
1172,12465,ERP,경영관리시스템,12465,general,active,read,2019-08-18,2025-04-14,2026-03-20
1173,12470,PORTAL,고객포털,12470,general,active,read,2020-05-24,2025-03-23,2026-02-16
1174,12470,ERP,경영관리시스템,12470,general,active,read,2020-05-25,2025-12-02,2025-12-24
1175,12580,PORTAL,고객포털,12580,general,active,read,2021-07-05,2025-02-12,2026-02-03
1176,12580,ERP,경영관리시스템,12580,general,active,read,2021-07-05,2025-01-27,2026-01-12
1177,12582,CRED,신용평가시스템,12582,general,active,read,2022-06-14,2025-12-25,2026-02-17
1178,12582,DEVP,개발포털,12582,general,active,read,2022-06-12,2025-02-16,2026-03-20
1179,12582,DW,데이터웨어하우스,12582,general,active,write,2022-06-11,2025-09-02,2025-12-01
1180,12614,PORTAL,고객포털,12614,general,active,read,2021-01-23,2025-10-31,2026-01-03
1181,12614,ERP,경영관리시스템,12614,general,active,read,2021-01-24,2025-12-15,2026-04-12
1182,12625,PORTAL,고객포털,12625,general,active,read,2022-06-02,2025-01-05,2025-12-03
1183,12625,ERP,경영관리시스템,12625,general,active,read,2022-06-01,2026-03-17,2025-12-31
1184,12686,PORTAL,고객포털,12686,general,active,read,2018-02-22,2025-09-02,2026-01-03
1185,12686,ERP,경영관리시스템,12686,general,active,read,2018-02-19,2025-07-16,2026-01-28
1186,12778,PORTAL,고객포털,12778,general,active,read,2022-09-20,2025-02-22,2025-12-27
1187,12778,ERP,경영관리시스템,12778,general,active,read,2022-09-22,2026-03-28,2026-03-05
1188,12806,PORTAL,고객포털,12806,general,active,read,2021-10-30,2025-07-15,2026-01-05
1189,12806,ERP,경영관리시스템,12806,general,active,read,2021-10-29,2025-02-05,2026-01-06
1190,12848,PORTAL,고객포털,12848,general,active,read,2025-01-29,2025-11-09,2025-12-03
1191,12848,ERP,경영관리시스템,12848,general,active,read,2025-01-26,2025-06-29,2026-03-23
1192,12978,CRED,신용평가시스템,12978,general,active,write,2021-10-24,2025-11-12,2026-01-08
1193,12978,DEVP,개발포털,12978,general,active,write,2021-10-26,2026-04-05,2026-01-25
1194,12978,DW,데이터웨어하우스,12978,general,active,write,2021-10-23,2025-10-29,2026-01-05
1195,13024,PORTAL,고객포털,13024,general,active,read,2020-06-19,2025-08-08,2026-02-28
1196,13024,ERP,경영관리시스템,13024,general,active,read,2020-06-18,2025-05-07,2026-01-05
1197,13039,PORTAL,고객포털,13039,general,active,read,2022-09-19,2025-05-08,2025-12-22
1198,13039,ERP,경영관리시스템,13039,general,active,read,2022-09-21,2026-02-03,2026-02-11
1199,13056,CRED,신용평가시스템,13056,general,active,write,2023-02-04,2025-09-23,2026-02-16
1200,13056,ERP,경영관리시스템,13056,general,active,write,2023-02-08,2026-01-18,2026-04-10
1201,13056,DW,데이터웨어하우스,13056,general,active,read,2023-02-07,2025-01-28,2026-02-14
1202,13060,PORTAL,고객포털,13060,general,active,read,2020-06-28,2025-07-17,2026-04-06
1203,13060,ERP,경영관리시스템,13060,general,active,read,2020-06-27,2025-09-13,2026-01-31
1204,13070,PORTAL,고객포털,13070,general,active,read,2024-02-20,2025-09-28,2025-12-19
1205,13070,ERP,경영관리시스템,13070,general,active,read,2024-02-16,2026-04-24,2026-03-03
1206,13090,PORTAL,고객포털,13090,general,inactive,read,2024-04-03,2025-07-18,2026-01-03
1207,13090,ERP,경영관리시스템,13090,general,inactive,read,2024-04-05,2025-07-07,2026-03-18
1208,13169,PORTAL,고객포털,13169,general,active,read,2024-01-05,2026-01-26,2026-01-14
1209,13169,ERP,경영관리시스템,13169,general,active,read,2024-01-04,2025-01-09,2025-12-19
1210,13176,PORTAL,고객포털,13176,general,inactive,read,2023-08-20,2025-01-08,2025-12-18
1211,13176,ERP,경영관리시스템,13176,general,inactive,read,2023-08-18,2025-01-21,2026-01-25
1212,13208,PORTAL,고객포털,13208,general,active,read,2023-11-12,2025-09-17,2026-03-12
1213,13208,ERP,경영관리시스템,13208,general,active,read,2023-11-14,2026-01-28,2026-04-08
1214,13224,CRED,신용평가시스템,13224,general,active,read,2016-07-15,2025-07-25,2026-03-19
1215,13224,DEVP,개발포털,13224,general,active,write,2016-07-12,2025-02-12,2026-01-09
1216,13224,DW,데이터웨어하우스,13224,general,active,read,2016-07-14,2026-04-17,2025-12-21
1217,13276,PORTAL,고객포털,13276,general,inactive,read,2023-07-22,2025-10-02,2026-01-09
1218,13276,ERP,경영관리시스템,13276,general,inactive,read,2023-07-23,2025-10-28,2026-03-11
1219,13309,PORTAL,고객포털,13309,general,active,read,2023-06-26,2025-12-24,2026-02-18
1220,13309,ERP,경영관리시스템,13309,general,active,read,2023-06-29,2025-01-30,2026-01-31
1221,13349,CRED,신용평가시스템,13349,general,active,write,2020-01-31,2025-03-01,2025-12-23
1222,13349,DEVP,개발포털,13349,general,active,write,2020-02-02,2025-12-08,2025-12-15
1223,13349,DW,데이터웨어하우스,13349,general,active,write,2020-01-31,2025-12-29,2025-12-31
1224,13358,CRED,신용평가시스템,13358,general,active,write,2018-12-02,2025-09-12,2025-12-03
1225,13358,DEVP,개발포털,13358,general,active,read,2018-12-03,2026-02-05,2026-04-13
1226,13358,DW,데이터웨어하우스,13358,general,active,write,2018-12-03,2025-03-06,2026-01-12
1227,13368,CRED,신용평가시스템,13368,general,active,write,2022-06-23,2025-06-21,2025-12-31
1228,13368,DEVP,개발포털,13368,general,active,read,2022-06-24,2025-02-02,2026-02-08
1229,13368,DW,데이터웨어하우스,13368,general,active,write,2022-06-23,2025-08-22,2025-12-20
1230,13394,CRED,신용평가시스템,13394,general,active,write,2019-12-21,2025-09-13,2026-03-03
1231,13394,DEVP,개발포털,13394,general,active,write,2019-12-21,2025-03-22,2026-01-12
1232,13394,DW,데이터웨어하우스,13394,general,active,read,2019-12-19,2025-12-12,2025-12-27
1233,13486,PORTAL,고객포털,13486,general,active,read,2022-05-13,2026-01-15,2026-01-28
1234,13486,ERP,경영관리시스템,13486,general,active,read,2022-05-17,2025-01-23,2025-12-01
1235,13507,PORTAL,고객포털,13507,general,active,read,2017-12-06,2025-01-24,2026-02-01
1236,13507,ERP,경영관리시스템,13507,general,active,read,2017-12-09,2025-07-16,2026-03-04
1237,13542,PORTAL,고객포털,13542,general,active,read,2023-11-09,2026-04-22,2026-01-15
1238,13542,ERP,경영관리시스템,13542,general,active,read,2023-11-08,2025-04-25,2026-03-18
1239,13552,PORTAL,고객포털,13552,general,active,read,2022-06-25,2025-08-02,2026-02-02
1240,13552,ERP,경영관리시스템,13552,general,active,read,2022-06-25,2026-02-27,2026-02-08
1241,13580,PORTAL,고객포털,13580,general,active,read,2019-12-09,2025-03-03,2026-03-06
1242,13580,ERP,경영관리시스템,13580,admin,active,admin,2019-12-13,2025-04-02,2025-12-14
1243,13592,PORTAL,고객포털,13592,general,active,read,2025-07-03,2025-01-24,2026-04-12
1244,13592,ERP,경영관리시스템,13592,general,active,read,2025-07-05,2026-03-26,2025-12-18
1245,13648,PORTAL,고객포털,13648,general,active,read,2023-12-08,2026-02-01,2026-02-11
1246,13648,ERP,경영관리시스템,13648,general,active,read,2023-12-07,2025-02-14,2026-02-22
1247,13655,PORTAL,고객포털,13655,general,active,read,2017-07-27,2025-01-05,2026-03-27
1248,13655,ERP,경영관리시스템,13655,general,active,read,2017-07-25,2025-05-30,2026-01-21
1249,13665,PORTAL,고객포털,13665,general,inactive,read,2020-01-05,2026-01-14,2026-02-16
1250,13665,ERP,경영관리시스템,13665,general,inactive,read,2020-01-05,2025-08-26,2026-02-01
1251,13753,PORTAL,고객포털,13753,general,active,read,2018-06-13,2026-01-31,2026-04-06
1252,13753,ERP,경영관리시스템,13753,general,active,read,2018-06-12,2025-03-19,2026-02-01
1253,13779,CRED,신용평가시스템,13779,general,active,write,2021-11-29,2025-04-30,2026-03-15
1254,13779,ERP,경영관리시스템,13779,general,active,read,2021-12-03,2026-03-06,2026-02-27
1255,13779,DW,데이터웨어하우스,13779,general,active,write,2021-11-29,2026-01-24,2026-02-24
1256,13782,PORTAL,고객포털,13782,general,active,read,2022-03-13,2025-02-23,2026-02-17
1257,13782,ERP,경영관리시스템,13782,general,active,read,2022-03-11,2025-05-02,2026-04-15
1258,13789,CRED,신용평가시스템,13789,general,active,write,2025-12-23,2025-03-14,2026-04-05
1259,13789,PORTAL,고객포털,13789,general,active,write,2025-12-22,2026-04-17,2025-12-24
1260,13789,ERP,경영관리시스템,13789,general,active,write,2025-12-21,2025-12-25,2026-04-13
1261,13789,DW,데이터웨어하우스,13789,general,active,read,2025-12-22,2025-02-13,2026-03-28
1262,13789,DEVP,개발포털,13789,general,active,read,2025-12-24,2025-03-10,2025-12-25
1263,13928,PORTAL,고객포털,13928,general,active,read,2019-02-23,2025-10-31,2025-12-20
1264,13928,ERP,경영관리시스템,13928,general,active,read,2019-02-24,2025-08-11,2025-12-16
1265,13965,PORTAL,고객포털,13965,admin,inactive,admin,2023-08-09,2025-05-30,2026-01-30
1266,13965,ERP,경영관리시스템,13965,general,inactive,read,2023-08-10,2026-04-20,2026-02-19
1267,14083,CRED,신용평가시스템,14083,general,active,write,2018-01-16,2025-08-20,2026-02-22
1268,14083,DEVP,개발포털,14083,general,active,write,2018-01-15,2026-04-29,2026-01-29
1269,14083,DW,데이터웨어하우스,14083,general,active,read,2018-01-14,2025-02-25,2026-01-04
1270,14090,PORTAL,고객포털,14090,general,active,read,2016-04-06,2025-03-26,2025-12-28
1271,14090,ERP,경영관리시스템,14090,general,active,read,2016-04-08,2025-06-10,2026-03-30
1272,14120,PORTAL,고객포털,14120,general,active,read,2018-06-30,2025-10-02,2025-12-31
1273,14120,ERP,경영관리시스템,14120,general,active,read,2018-06-29,2025-08-20,2026-01-23
1274,14170,PORTAL,고객포털,14170,general,active,read,2017-09-11,2025-05-16,2026-03-29
1275,14170,ERP,경영관리시스템,14170,general,active,read,2017-09-09,2025-03-22,2025-12-24
1276,14176,CRED,신용평가시스템,14176,general,active,write,2023-03-17,2026-03-04,2025-12-11
1277,14176,DEVP,개발포털,14176,general,active,write,2023-03-17,2025-12-31,2026-01-07
1278,14176,DW,데이터웨어하우스,14176,general,active,write,2023-03-16,2025-09-20,2026-03-02
1279,14207,PORTAL,고객포털,14207,general,active,read,2020-06-03,2025-05-14,2026-02-15
1280,14207,ERP,경영관리시스템,14207,general,active,read,2020-06-04,2025-07-27,2025-12-08
1281,14286,PORTAL,고객포털,14286,general,active,read,2021-02-27,2025-02-18,2026-02-02
1282,14286,ERP,경영관리시스템,14286,general,active,read,2021-02-27,2026-02-16,2025-12-27
1283,14288,PORTAL,고객포털,14288,general,active,read,2024-10-07,2025-01-07,2026-01-01
1284,14288,ERP,경영관리시스템,14288,general,active,read,2024-10-06,2025-03-08,2026-01-26
1285,14335,PORTAL,고객포털,14335,general,active,read,2021-10-01,2025-07-10,2026-03-13
1286,14335,ERP,경영관리시스템,14335,general,active,read,2021-09-30,2026-04-15,2026-02-05
1287,14340,CRED,신용평가시스템,14340,general,active,write,2020-06-24,2025-04-12,2025-12-06
1288,14340,DEVP,개발포털,14340,general,active,write,2020-06-27,2026-04-09,2026-01-02
1289,14340,DW,데이터웨어하우스,14340,general,active,write,2020-06-26,2026-04-28,2025-04-01
1290,14400,PORTAL,고객포털,14400,general,inactive,read,2022-11-19,2025-03-28,2025-12-13
1291,14400,ERP,경영관리시스템,14400,general,inactive,read,2022-11-20,2026-02-25,2026-03-21
1292,14532,PORTAL,고객포털,14532,general,active,read,2025-07-18,2025-01-16,2026-04-07
1293,14532,ERP,경영관리시스템,14532,general,active,read,2025-07-18,2025-03-30,2026-03-20
1294,14572,PORTAL,고객포털,14572,general,active,read,2019-04-08,2026-04-11,2026-01-24
1295,14572,ERP,경영관리시스템,14572,general,active,read,2019-04-07,2025-05-24,2026-02-09
1296,14575,CRED,신용평가시스템,14575,general,active,write,2025-11-22,2025-11-11,2026-01-08
1297,14575,DEVP,개발포털,14575,general,active,read,2025-11-23,2025-06-01,2026-02-01
1298,14575,DW,데이터웨어하우스,14575,general,active,read,2025-11-22,2025-09-03,2026-03-16
1299,14593,PORTAL,고객포털,14593,general,active,read,2020-03-28,2025-05-24,2025-12-23
1300,14593,ERP,경영관리시스템,14593,general,active,read,2020-03-31,2025-08-03,2026-01-05
1301,14681,PORTAL,고객포털,14681,general,active,read,2019-01-27,2025-05-08,2026-04-14
1302,14681,ERP,경영관리시스템,14681,general,active,read,2019-01-30,2025-07-15,2025-12-05
1303,14828,PORTAL,고객포털,14828,general,active,read,2021-12-18,2025-10-06,2026-04-02
1304,14828,ERP,경영관리시스템,14828,general,active,read,2021-12-19,2026-04-13,2026-02-27
1305,14852,PORTAL,고객포털,14852,general,active,read,2023-08-23,2025-06-14,2026-04-08
1306,14852,ERP,경영관리시스템,14852,general,active,read,2023-08-22,2025-04-03,2026-02-08
1307,14884,CRED,신용평가시스템,14884,general,inactive,read,2016-08-20,2025-04-23,2026-02-20
1308,14884,DEVP,개발포털,14884,general,inactive,write,2016-08-20,2026-02-19,2026-02-10
1309,14884,DW,데이터웨어하우스,14884,general,inactive,write,2016-08-23,2026-01-28,2026-04-15
1310,15008,PORTAL,고객포털,15008,general,active,read,2018-05-10,2025-03-23,2026-01-29
1311,15008,ERP,경영관리시스템,15008,general,active,read,2018-05-06,2025-12-03,2026-02-02
1312,15064,CRED,신용평가시스템,15064,general,active,read,2025-09-02,2026-02-22,2026-02-07
1313,15064,DEVP,개발포털,15064,general,active,read,2025-09-01,2026-03-10,2026-01-26
1314,15064,DW,데이터웨어하우스,15064,general,active,write,2025-09-04,2025-04-01,2026-03-01
1315,15072,PORTAL,고객포털,15072,general,inactive,read,2021-04-14,2026-02-17,2026-02-20
1316,15072,ERP,경영관리시스템,15072,general,inactive,read,2021-04-15,2025-12-27,2025-12-08
1317,15093,PORTAL,고객포털,15093,general,active,read,2022-10-25,2025-10-16,2026-01-06
1318,15093,ERP,경영관리시스템,15093,general,active,read,2022-10-24,2025-10-05,2026-04-06
1319,15094,PORTAL,고객포털,15094,general,inactive,read,2024-08-29,2025-09-09,2026-01-14
1320,15094,ERP,경영관리시스템,15094,general,inactive,read,2024-08-27,2025-01-29,2025-12-24
1321,15158,PORTAL,고객포털,15158,general,active,read,2020-07-18,2025-01-11,2026-01-26
1322,15158,ERP,경영관리시스템,15158,general,active,read,2020-07-21,2025-01-01,2026-04-02
1323,15169,CRED,신용평가시스템,15169,general,active,write,2024-08-07,2025-06-24,2026-01-21
1324,15169,DEVP,개발포털,15169,general,active,write,2024-08-06,2025-01-12,2026-02-21
1325,15169,DW,데이터웨어하우스,15169,general,active,write,2024-08-06,2026-03-10,2026-01-06
1326,15182,CRED,신용평가시스템,15182,general,active,write,2017-04-20,2025-07-11,2026-03-04
1327,15182,PORTAL,고객포털,15182,general,active,write,2017-04-19,2025-06-04,2025-12-26
1328,15182,ERP,경영관리시스템,15182,general,active,write,2017-04-18,2026-01-10,2026-01-04
1329,15182,DW,데이터웨어하우스,15182,general,active,read,2017-04-19,2025-06-12,2026-04-04
1330,15182,DEVP,개발포털,15182,general,active,write,2017-04-17,2025-12-07,2026-03-02
1331,15216,CRED,신용평가시스템,15216,general,inactive,write,2024-03-18,2025-06-07,2026-01-14
1332,15216,ERP,경영관리시스템,15216,general,active,write,2024-03-16,2026-01-09,2026-01-02
1333,15216,DW,데이터웨어하우스,15216,general,inactive,read,2024-03-14,2025-01-17,2026-03-11
1334,15231,CRED,신용평가시스템,15231,general,active,read,2017-01-31,2025-04-24,2026-02-20
1335,15231,PORTAL,고객포털,15231,general,active,write,2017-02-03,2025-03-14,2025-12-27
1336,15231,ERP,경영관리시스템,15231,general,active,write,2017-02-01,2025-06-27,2025-12-20
1337,15231,DW,데이터웨어하우스,15231,general,active,read,2017-02-01,2026-03-30,2026-01-12
1338,15231,DEVP,개발포털,15231,general,active,write,2017-01-30,2025-01-06,2026-02-24
1339,15242,PORTAL,고객포털,15242,general,inactive,read,2021-07-15,2025-05-08,2026-01-23
1340,15242,ERP,경영관리시스템,15242,general,active,read,2021-07-13,2025-05-12,2024-08-06
1341,15293,CRED,신용평가시스템,15293,general,active,write,2019-02-25,2025-07-17,2025-12-01
1342,15293,DEVP,개발포털,15293,general,active,write,2019-02-28,2026-03-29,2026-03-18
1343,15293,DW,데이터웨어하우스,15293,general,active,write,2019-02-28,2025-06-29,2026-04-06
1344,15294,CRED,신용평가시스템,15294,general,inactive,write,2016-09-28,2026-03-01,2026-03-07
1345,15294,PORTAL,고객포털,15294,general,inactive,write,2016-09-27,2025-08-20,2026-01-27
1346,15294,ERP,경영관리시스템,15294,general,inactive,write,2016-09-24,2025-01-11,2025-12-09
1347,15294,DW,데이터웨어하우스,15294,general,inactive,write,2016-09-26,2025-02-07,2026-02-05
1348,15294,DEVP,개발포털,15294,general,inactive,write,2016-09-26,2025-03-24,2026-01-13
1349,15324,PORTAL,고객포털,15324,general,active,read,2022-05-29,2025-06-23,2025-12-24
1350,15324,ERP,경영관리시스템,15324,general,active,read,2022-06-02,2025-12-27,2026-04-03
1351,15329,CRED,신용평가시스템,15329,general,inactive,read,2024-03-26,2025-03-26,2026-03-21
1352,15329,DEVP,개발포털,15329,general,inactive,write,2024-03-30,2025-01-28,2026-03-22
1353,15329,DW,데이터웨어하우스,15329,general,inactive,write,2024-03-26,2025-04-08,2026-02-23
1354,15354,PORTAL,고객포털,15354,general,active,read,2023-09-26,2025-12-05,2026-02-06
1355,15354,ERP,경영관리시스템,15354,general,active,read,2023-09-25,2025-05-02,2026-02-15
1356,15394,PORTAL,고객포털,15394,general,active,read,2023-08-15,2025-07-21,2025-12-13
1357,15394,ERP,경영관리시스템,15394,general,active,read,2023-08-19,2025-03-20,2026-04-05
1358,15410,PORTAL,고객포털,15410,general,active,read,2017-04-27,2025-01-02,2026-03-03
1359,15410,ERP,경영관리시스템,15410,general,active,read,2017-04-30,2025-05-31,2025-12-23
1360,15449,PORTAL,고객포털,15449,general,active,read,2024-07-04,2025-04-13,2026-04-02
1361,15449,ERP,경영관리시스템,15449,general,active,read,2024-06-30,2025-04-16,2025-12-07
1362,15560,PORTAL,고객포털,15560,general,active,read,2021-08-05,2025-02-11,2026-02-13
1363,15560,ERP,경영관리시스템,15560,general,active,read,2021-08-07,2025-06-07,2025-12-30
1364,15607,CRED,신용평가시스템,15607,general,active,write,2017-09-21,2026-04-04,2026-03-31
1365,15607,DEVP,개발포털,15607,general,active,read,2017-09-20,2025-10-06,2025-12-24
1366,15607,DW,데이터웨어하우스,15607,general,active,write,2017-09-21,2026-03-30,2026-01-17
1367,15702,PORTAL,고객포털,15702,general,active,read,2024-07-22,2025-04-06,2026-03-05
1368,15702,ERP,경영관리시스템,15702,general,active,read,2024-07-22,2025-05-15,2025-12-12
1369,15801,PORTAL,고객포털,15801,general,active,read,2017-07-17,2025-05-15,2026-03-30
1370,15801,ERP,경영관리시스템,15801,general,active,read,2017-07-15,2025-10-16,2026-02-07
1371,15851,CRED,신용평가시스템,15851,general,active,read,2025-06-16,2025-12-08,2026-01-08
1372,15851,DEVP,개발포털,15851,general,active,read,2025-06-16,2025-06-26,2025-12-22
1373,15851,DW,데이터웨어하우스,15851,general,active,read,2025-06-20,2025-04-27,2026-03-16
1374,15854,CRED,신용평가시스템,15854,general,active,write,2022-12-06,2026-02-24,2025-12-16
1375,15854,DEVP,개발포털,15854,general,active,read,2022-12-06,2025-12-18,2026-03-18
1376,15854,DW,데이터웨어하우스,15854,general,active,write,2022-12-05,2025-06-03,2026-01-30
1377,15877,PORTAL,고객포털,15877,general,active,read,2016-03-18,2026-04-08,2026-03-12
1378,15877,ERP,경영관리시스템,15877,general,active,read,2016-03-18,2025-10-20,2026-04-08
1379,16012,PORTAL,고객포털,16012,general,active,read,2016-06-02,2025-03-03,2026-01-07
1380,16012,ERP,경영관리시스템,16012,general,active,read,2016-06-01,2025-03-27,2026-01-14
1381,16089,PORTAL,고객포털,16089,general,active,read,2024-09-02,2025-03-06,2026-01-19
1382,16089,ERP,경영관리시스템,16089,general,active,read,2024-09-01,2025-02-10,2026-03-19
1383,16222,PORTAL,고객포털,16222,general,active,read,2024-03-18,2026-02-26,2026-01-21
1384,16222,ERP,경영관리시스템,16222,general,active,read,2024-03-16,2025-06-13,2026-02-05
1385,16228,PORTAL,고객포털,16228,general,active,read,2023-09-01,2025-07-18,2025-12-23
1386,16228,ERP,경영관리시스템,16228,general,active,read,2023-09-05,2025-10-10,2026-03-12
1387,16232,PORTAL,고객포털,16232,general,inactive,read,2020-01-08,2025-09-24,2026-02-09
1388,16232,ERP,경영관리시스템,16232,general,active,read,2020-01-09,2026-02-07,2025-12-04
1389,16239,PORTAL,고객포털,16239,general,active,read,2020-01-17,2026-02-05,2026-04-13
1390,16239,ERP,경영관리시스템,16239,general,active,read,2020-01-16,2025-08-01,2025-12-29
1391,16278,PORTAL,고객포털,16278,general,active,read,2017-03-22,2025-10-18,2026-01-07
1392,16278,ERP,경영관리시스템,16278,general,active,read,2017-03-25,2026-04-19,2025-12-26
1393,16286,PORTAL,고객포털,16286,general,active,read,2023-11-11,2026-02-07,2025-12-26
1394,16286,ERP,경영관리시스템,16286,general,active,read,2023-11-13,2026-03-26,2026-02-27
1395,16300,PORTAL,고객포털,16300,general,active,read,2020-03-03,2025-07-16,2026-02-06
1396,16300,ERP,경영관리시스템,16300,general,active,read,2020-03-03,2025-01-20,2026-04-01
1397,16328,PORTAL,고객포털,16328,general,active,read,2016-05-05,2025-07-26,2026-02-09
1398,16328,ERP,경영관리시스템,16328,general,active,read,2016-05-05,2025-01-20,2026-03-13
1399,16456,PORTAL,고객포털,16456,general,active,read,2018-01-31,2025-12-20,2026-02-23
1400,16456,ERP,경영관리시스템,16456,general,active,read,2018-01-29,2026-01-17,2024-10-30
1401,16515,PORTAL,고객포털,16515,general,active,read,2024-11-29,2026-04-05,2026-02-07
1402,16515,ERP,경영관리시스템,16515,general,active,read,2024-11-28,2025-06-22,2025-12-06
1403,16517,PORTAL,고객포털,16517,general,inactive,read,2022-08-28,2025-05-24,2026-02-18
1404,16517,ERP,경영관리시스템,16517,general,inactive,read,2022-08-29,2026-03-21,2025-12-26
1405,16525,PORTAL,고객포털,16525,general,active,read,2021-09-17,2025-06-03,2026-01-04
1406,16525,ERP,경영관리시스템,16525,general,active,read,2021-09-19,2025-05-18,2026-02-21
1407,16539,CRED,신용평가시스템,16539,general,active,write,2022-01-15,2025-08-15,2025-12-23
1408,16539,DEVP,개발포털,16539,general,active,read,2022-01-13,2025-09-06,2026-03-15
1409,16539,DW,데이터웨어하우스,16539,general,active,write,2022-01-16,2025-09-21,2026-03-06
1410,16591,PORTAL,고객포털,16591,general,active,read,2020-10-25,2025-06-09,2025-12-17
1411,16591,ERP,경영관리시스템,16591,general,active,read,2020-10-28,2025-03-11,2026-03-14
1412,16671,PORTAL,고객포털,16671,general,active,read,2024-03-21,2025-03-30,2025-12-08
1413,16671,ERP,경영관리시스템,16671,general,active,read,2024-03-18,2026-03-05,2024-12-19
1414,16693,CRED,신용평가시스템,16693,general,inactive,write,2018-01-04,2025-08-22,2026-02-02
1415,16693,DEVP,개발포털,16693,general,inactive,read,2018-01-04,2025-04-12,2026-03-03
1416,16693,DW,데이터웨어하우스,16693,general,active,write,2018-01-06,2025-09-16,2026-03-05
1417,16865,PORTAL,고객포털,16865,general,inactive,read,2017-05-10,2025-12-15,2026-01-01
1418,16865,ERP,경영관리시스템,16865,general,inactive,read,2017-05-07,2025-07-10,2026-01-31
1419,16883,PORTAL,고객포털,16883,general,active,read,2021-04-12,2025-04-01,2026-03-25
1420,16883,ERP,경영관리시스템,16883,general,active,read,2021-04-12,2025-06-26,2026-02-28
1421,16887,PORTAL,고객포털,16887,general,active,read,2016-02-17,2026-01-19,2026-02-05
1422,16887,ERP,경영관리시스템,16887,general,active,read,2016-02-16,2025-01-15,2026-02-11
1423,16901,PORTAL,고객포털,16901,general,active,read,2018-07-10,2025-03-25,2025-12-13
1424,16901,ERP,경영관리시스템,16901,general,active,read,2018-07-11,2026-03-15,2026-01-24
1425,16913,PORTAL,고객포털,16913,general,active,read,2020-09-30,2025-12-13,2026-01-27
1426,16913,ERP,경영관리시스템,16913,general,active,read,2020-09-30,2025-11-30,2026-02-07
1427,16940,CRED,신용평가시스템,16940,general,active,write,2019-09-23,2026-03-19,2026-04-11
1428,16940,DEVP,개발포털,16940,general,active,write,2019-09-20,2025-11-28,2026-04-01
1429,16940,DW,데이터웨어하우스,16940,general,active,write,2019-09-21,2025-05-10,2025-12-03
1430,16967,CRED,신용평가시스템,16967,general,active,read,2023-07-26,2025-12-30,2026-02-17
1431,16967,PORTAL,고객포털,16967,general,active,write,2023-07-24,2026-03-13,2026-03-19
1432,16967,ERP,경영관리시스템,16967,general,active,write,2023-07-24,2025-04-22,2026-03-28
1433,16967,DW,데이터웨어하우스,16967,general,active,read,2023-07-25,2025-09-24,2026-02-16
1434,16967,DEVP,개발포털,16967,general,active,read,2023-07-26,2025-02-22,2026-03-12
1435,16984,PORTAL,고객포털,16984,general,active,read,2021-01-26,2025-12-06,2026-04-10
1436,16984,ERP,경영관리시스템,16984,general,active,read,2021-01-28,2025-06-02,2026-02-11
1437,17002,PORTAL,고객포털,17002,general,active,read,2021-07-14,2025-02-02,2026-04-03
1438,17002,ERP,경영관리시스템,17002,general,active,read,2021-07-16,2025-11-24,2026-02-09
1439,17004,PORTAL,고객포털,17004,general,inactive,read,2018-01-14,2025-05-14,2026-02-09
1440,17004,ERP,경영관리시스템,17004,general,inactive,read,2018-01-14,2025-03-18,2026-01-18
1441,17020,PORTAL,고객포털,17020,general,inactive,read,2017-02-11,2026-04-06,2026-01-31
1442,17020,ERP,경영관리시스템,17020,general,inactive,read,2017-02-07,2025-12-05,2026-03-14
1443,17055,CRED,신용평가시스템,17055,general,active,read,2022-12-08,2025-01-14,2026-01-05
1444,17055,DEVP,개발포털,17055,general,active,write,2022-12-09,2026-04-10,2026-02-14
1445,17055,DW,데이터웨어하우스,17055,general,active,write,2022-12-09,2026-01-13,2026-03-14
1446,17133,PORTAL,고객포털,17133,general,active,read,2018-10-28,2025-06-25,2026-01-18
1447,17133,ERP,경영관리시스템,17133,general,active,read,2018-10-29,2026-04-10,2026-04-01
1448,17164,CRED,신용평가시스템,17164,general,active,write,2019-06-25,2026-03-09,2026-04-09
1449,17164,ERP,경영관리시스템,17164,general,active,write,2019-06-24,2025-02-19,2026-01-16
1450,17164,DW,데이터웨어하우스,17164,general,active,read,2019-06-26,2025-05-13,2026-01-02
1451,17186,PORTAL,고객포털,17186,general,active,read,2020-07-06,2026-04-30,2026-01-16
1452,17186,ERP,경영관리시스템,17186,general,active,read,2020-07-04,2025-04-24,2025-12-23
1453,17196,PORTAL,고객포털,17196,general,active,read,2019-12-01,2026-01-17,2026-01-27
1454,17196,ERP,경영관리시스템,17196,general,active,read,2019-12-01,2026-02-08,2026-03-18
1455,17216,PORTAL,고객포털,17216,general,active,read,2024-12-21,2025-05-14,2026-03-06
1456,17216,ERP,경영관리시스템,17216,general,active,read,2024-12-23,2025-08-26,2026-02-14
1457,17223,CRED,신용평가시스템,17223,general,active,write,2020-12-25,2026-03-20,2026-03-31
1458,17223,ERP,경영관리시스템,17223,general,active,write,2020-12-29,2026-04-01,2025-12-19
1459,17223,DW,데이터웨어하우스,17223,general,active,write,2020-12-26,2026-03-21,2026-04-08
1460,17288,PORTAL,고객포털,17288,admin,active,admin,2018-04-10,2025-06-02,2026-04-15
1461,17288,ERP,경영관리시스템,17288,general,active,read,2018-04-10,2026-03-22,2025-12-14
1462,17304,PORTAL,고객포털,17304,general,active,read,2017-02-06,2025-04-13,2026-01-05
1463,17304,ERP,경영관리시스템,17304,general,active,read,2017-02-07,2025-10-19,2026-03-15
1464,17314,CRED,신용평가시스템,17314,general,active,write,2020-08-28,2026-03-18,2026-01-06
1465,17314,DEVP,개발포털,17314,general,active,write,2020-08-26,2025-06-20,2025-12-21
1466,17314,DW,데이터웨어하우스,17314,general,active,read,2020-08-26,2025-01-30,2026-02-19
1467,17361,PORTAL,고객포털,17361,general,active,read,2025-04-17,2025-05-21,2026-03-26
1468,17361,ERP,경영관리시스템,17361,general,active,read,2025-04-18,2025-10-23,2026-01-13
1469,17362,PORTAL,고객포털,17362,general,active,read,2016-04-16,2026-02-07,2026-04-05
1470,17362,ERP,경영관리시스템,17362,general,active,read,2016-04-15,2025-11-11,2026-01-03
1471,17457,PORTAL,고객포털,17457,general,active,read,2020-06-16,2025-07-26,2024-08-29
1472,17457,ERP,경영관리시스템,17457,general,inactive,read,2020-06-16,2025-07-16,2026-04-02
1473,17467,PORTAL,고객포털,17467,general,active,read,2019-09-24,2025-10-01,2025-12-10
1474,17467,ERP,경영관리시스템,17467,general,active,read,2019-09-25,2025-01-08,2026-03-06
1475,17501,CRED,신용평가시스템,17501,general,active,write,2023-10-11,2025-01-10,2026-04-15
1476,17501,DEVP,개발포털,17501,general,active,write,2023-10-09,2025-12-22,2026-02-02
1477,17501,DW,데이터웨어하우스,17501,general,active,write,2023-10-11,2025-02-22,2026-02-18
1478,17505,CRED,신용평가시스템,17505,general,active,read,2016-01-25,2025-06-06,2026-04-08
1479,17505,DEVP,개발포털,17505,general,active,write,2016-01-23,2025-06-02,2025-12-17
1480,17505,DW,데이터웨어하우스,17505,general,active,read,2016-01-24,2025-09-24,2026-03-27
1481,17540,PORTAL,고객포털,17540,general,active,read,2022-04-15,2025-06-22,2026-04-14
1482,17540,ERP,경영관리시스템,17540,general,active,read,2022-04-14,2025-06-25,2026-01-04
1483,17623,CRED,신용평가시스템,17623,general,active,write,2023-01-31,2025-03-26,2026-03-02
1484,17623,DEVP,개발포털,17623,general,active,write,2023-01-31,2025-04-25,2025-12-05
1485,17623,DW,데이터웨어하우스,17623,general,active,read,2023-01-29,2025-01-12,2024-04-01
1486,17628,CRED,신용평가시스템,17628,general,active,write,2023-06-26,2025-03-05,2026-04-09
1487,17628,DEVP,개발포털,17628,general,active,write,2023-06-24,2026-03-25,2025-12-10
1488,17628,DW,데이터웨어하우스,17628,general,active,read,2023-06-24,2025-01-25,2025-12-13
1489,17696,PORTAL,고객포털,17696,general,active,read,2025-07-11,2025-01-25,2025-12-06
1490,17696,ERP,경영관리시스템,17696,general,active,read,2025-07-11,2025-08-16,2026-03-17
1491,17707,PORTAL,고객포털,17707,general,active,read,2022-07-30,2025-10-08,2026-01-01
1492,17707,ERP,경영관리시스템,17707,general,active,read,2022-07-29,2025-12-26,2026-04-01
1493,17745,PORTAL,고객포털,17745,general,active,read,2023-07-21,2025-12-22,2026-01-22
1494,17745,ERP,경영관리시스템,17745,general,active,read,2023-07-20,2025-08-04,2026-02-16
1495,17757,CRED,신용평가시스템,17757,general,active,write,2020-04-08,2025-11-15,2026-04-13
1496,17757,ERP,경영관리시스템,17757,general,active,write,2020-04-12,2026-03-02,2026-01-05
1497,17757,DW,데이터웨어하우스,17757,general,active,read,2020-04-08,2025-11-13,2026-04-10
1498,17798,PORTAL,고객포털,17798,general,active,read,2022-09-15,2025-02-28,2026-02-11
1499,17798,ERP,경영관리시스템,17798,general,active,read,2022-09-15,2025-04-12,2026-04-07
1500,17821,PORTAL,고객포털,17821,general,active,read,2023-09-30,2026-02-03,2026-01-21
1501,17821,ERP,경영관리시스템,17821,general,active,read,2023-09-28,2025-04-14,2026-04-13
1502,17846,PORTAL,고객포털,17846,general,active,read,2016-02-17,2025-06-01,2026-03-15
1503,17846,ERP,경영관리시스템,17846,general,active,read,2016-02-16,2025-10-08,2025-12-11
1504,17892,PORTAL,고객포털,17892,general,active,read,2019-02-16,2025-12-19,2026-01-23
1505,17892,ERP,경영관리시스템,17892,general,active,read,2019-02-16,2025-05-01,2024-01-26
1506,17962,PORTAL,고객포털,17962,general,active,read,2017-04-06,2025-12-10,2025-12-04
1507,17962,ERP,경영관리시스템,17962,general,active,read,2017-04-06,2026-03-04,2025-12-29
1508,18004,PORTAL,고객포털,18004,general,active,read,2019-06-21,2025-03-18,2026-04-06
1509,18004,ERP,경영관리시스템,18004,general,active,read,2019-06-17,2025-02-08,2026-04-10
1510,18021,CRED,신용평가시스템,18021,general,inactive,read,2018-06-20,2025-04-29,2026-02-04
1511,18021,PORTAL,고객포털,18021,general,inactive,write,2018-06-23,2025-08-26,2026-02-14
1512,18021,ERP,경영관리시스템,18021,general,inactive,write,2018-06-20,2026-03-24,2025-12-26
1513,18021,DW,데이터웨어하우스,18021,general,inactive,write,2018-06-20,2026-02-15,2026-02-13
1514,18021,DEVP,개발포털,18021,general,inactive,read,2018-06-22,2025-03-01,2026-03-20
1515,18024,PORTAL,고객포털,18024,general,active,read,2019-06-09,2025-01-05,2025-12-12
1516,18024,ERP,경영관리시스템,18024,general,active,read,2019-06-10,2025-06-18,2026-01-13
1517,18067,PORTAL,고객포털,18067,general,active,read,2021-08-12,2025-11-15,2026-03-23
1518,18067,ERP,경영관리시스템,18067,general,active,read,2021-08-12,2025-07-10,2025-12-24
1519,18081,PORTAL,고객포털,18081,admin,inactive,admin,2016-08-20,2025-02-28,2026-01-16
1520,18081,ERP,경영관리시스템,18081,general,inactive,read,2016-08-21,2025-08-22,2026-03-13
1521,18123,CRED,신용평가시스템,18123,general,active,read,2023-01-27,2026-03-12,2026-03-09
1522,18123,PORTAL,고객포털,18123,general,active,read,2023-01-28,2026-03-30,2026-03-18
1523,18123,ERP,경영관리시스템,18123,general,active,write,2023-01-26,2025-12-23,2025-12-29
1524,18123,DW,데이터웨어하우스,18123,general,active,write,2023-01-25,2025-08-02,2026-01-10
1525,18123,DEVP,개발포털,18123,general,active,read,2023-01-29,2025-12-14,2026-04-03
1526,18131,PORTAL,고객포털,18131,general,active,read,2017-07-06,2025-11-09,2026-01-16
1527,18131,ERP,경영관리시스템,18131,general,active,read,2017-07-06,2025-11-10,2026-03-02
1528,18147,PORTAL,고객포털,18147,general,active,read,2023-08-14,2025-09-05,2026-01-03
1529,18147,ERP,경영관리시스템,18147,general,active,read,2023-08-17,2026-03-31,2025-12-29
1530,18176,PORTAL,고객포털,18176,general,active,read,2016-02-05,2025-01-24,2026-03-23
1531,18176,ERP,경영관리시스템,18176,general,active,read,2016-02-02,2025-12-02,2026-02-05
1532,18185,PORTAL,고객포털,18185,general,active,read,2018-11-28,2025-12-27,2025-12-04
1533,18185,ERP,경영관리시스템,18185,general,active,read,2018-11-30,2025-12-09,2026-01-27
1534,18228,PORTAL,고객포털,18228,general,active,read,2019-09-25,2025-09-25,2026-04-12
1535,18228,ERP,경영관리시스템,18228,general,active,read,2019-09-27,2025-08-10,2025-12-25
1536,18238,CRED,신용평가시스템,18238,general,active,write,2025-12-18,2025-12-06,2026-04-03
1537,18238,PORTAL,고객포털,18238,general,active,read,2025-12-20,2026-04-02,2026-01-08
1538,18238,ERP,경영관리시스템,18238,general,active,write,2025-12-21,2025-11-26,2025-12-14
1539,18238,DW,데이터웨어하우스,18238,general,active,write,2025-12-18,2026-03-13,2026-04-09
1540,18238,DEVP,개발포털,18238,general,active,write,2025-12-20,2026-01-20,2026-01-12
1541,18346,CRED,신용평가시스템,18346,general,active,write,2022-01-22,2025-06-19,2026-02-21
1542,18346,DEVP,개발포털,18346,general,active,read,2022-01-21,2025-04-25,2025-12-13
1543,18346,DW,데이터웨어하우스,18346,general,active,write,2022-01-23,2026-02-23,2026-03-07
1544,18544,PORTAL,고객포털,18544,general,active,read,2025-11-12,2025-08-24,2025-12-21
1545,18544,ERP,경영관리시스템,18544,general,active,read,2025-11-14,2025-02-15,2026-03-25
1546,18559,CRED,신용평가시스템,18559,general,active,write,2020-08-18,2025-03-02,2026-03-25
1547,18559,DEVP,개발포털,18559,general,active,write,2020-08-18,2025-07-26,2025-12-05
1548,18559,DW,데이터웨어하우스,18559,general,active,read,2020-08-18,2025-10-09,2025-12-10
1549,18583,CRED,신용평가시스템,18583,general,active,read,2023-02-07,2025-11-13,2025-12-24
1550,18583,DEVP,개발포털,18583,general,active,read,2023-02-09,2025-04-16,2026-04-10
1551,18583,DW,데이터웨어하우스,18583,general,active,write,2023-02-10,2026-02-27,2026-02-26
1552,18609,PORTAL,고객포털,18609,general,active,read,2022-11-30,2026-03-09,2026-01-27
1553,18609,ERP,경영관리시스템,18609,general,inactive,read,2022-12-03,2025-10-14,2026-02-23
1554,18630,PORTAL,고객포털,18630,general,active,read,2023-07-23,2026-01-02,2026-04-01
1555,18630,ERP,경영관리시스템,18630,general,active,read,2023-07-21,2025-02-28,2026-03-26
1556,18650,PORTAL,고객포털,18650,general,active,read,2018-01-20,2025-01-02,2026-01-26
1557,18650,ERP,경영관리시스템,18650,general,active,read,2018-01-22,2026-03-01,2026-03-01
1558,18666,PORTAL,고객포털,18666,general,active,read,2023-12-19,2025-07-11,2026-04-13
1559,18666,ERP,경영관리시스템,18666,general,active,read,2023-12-17,2026-04-05,2025-12-12
1560,18667,PORTAL,고객포털,18667,general,inactive,read,2017-07-13,2025-03-13,2026-04-06
1561,18667,ERP,경영관리시스템,18667,general,inactive,read,2017-07-15,2025-05-11,2025-12-28
1562,18679,CRED,신용평가시스템,18679,general,active,write,2019-02-16,2025-03-03,2026-01-20
1563,18679,ERP,경영관리시스템,18679,general,active,write,2019-02-15,2026-02-27,2026-01-25
1564,18679,DW,데이터웨어하우스,18679,general,active,write,2019-02-13,2026-01-23,2026-02-25
1565,18685,PORTAL,고객포털,18685,general,inactive,read,2021-10-05,2026-04-20,2025-12-12
1566,18685,ERP,경영관리시스템,18685,general,inactive,read,2021-10-06,2026-01-31,2026-01-01
1567,18690,PORTAL,고객포털,18690,general,active,read,2016-06-15,2025-12-04,2026-03-28
1568,18690,ERP,경영관리시스템,18690,general,active,read,2016-06-16,2025-03-10,2026-04-09
1569,18698,PORTAL,고객포털,18698,general,inactive,read,2024-05-13,2025-09-29,2025-12-02
1570,18698,ERP,경영관리시스템,18698,general,inactive,read,2024-05-10,2026-03-06,2026-03-21
1571,18703,PORTAL,고객포털,18703,general,inactive,read,2021-01-21,2026-04-19,2026-04-03
1572,18703,ERP,경영관리시스템,18703,general,inactive,read,2021-01-21,2025-12-21,2026-01-15
1573,18742,PORTAL,고객포털,18742,general,active,read,2022-09-20,2026-01-10,2026-01-14
1574,18742,ERP,경영관리시스템,18742,general,active,read,2022-09-17,2025-07-18,2025-12-27
1575,18743,CRED,신용평가시스템,18743,general,active,read,2018-10-22,2026-03-28,2026-02-21
1576,18743,PORTAL,고객포털,18743,general,active,read,2018-10-21,2026-04-14,2026-03-18
1577,18743,ERP,경영관리시스템,18743,general,active,write,2018-10-19,2025-06-25,2026-02-09
1578,18743,DW,데이터웨어하우스,18743,general,active,write,2018-10-20,2025-03-12,2026-03-26
1579,18743,DEVP,개발포털,18743,general,active,write,2018-10-21,2026-03-08,2026-04-11
1580,18748,PORTAL,고객포털,18748,general,active,read,2019-05-21,2025-12-31,2026-02-19
1581,18748,ERP,경영관리시스템,18748,general,active,read,2019-05-21,2025-04-13,2026-01-25
1582,18773,PORTAL,고객포털,18773,general,inactive,read,2021-04-24,2025-12-18,2026-02-13
1583,18773,ERP,경영관리시스템,18773,general,inactive,read,2021-04-25,2025-12-30,2026-01-03
1584,18845,PORTAL,고객포털,18845,general,active,read,2020-05-30,2025-10-05,2026-04-08
1585,18845,ERP,경영관리시스템,18845,general,active,read,2020-05-31,2026-01-25,2025-12-30
1586,18924,CRED,신용평가시스템,18924,general,active,read,2022-09-14,2025-10-20,2026-04-02
1587,18924,DEVP,개발포털,18924,general,active,write,2022-09-15,2026-02-18,2026-02-12
1588,18924,DW,데이터웨어하우스,18924,general,active,write,2022-09-12,2025-01-13,2026-04-13
1589,19012,PORTAL,고객포털,19012,admin,active,admin,2019-03-17,2025-01-28,2026-01-07
1590,19012,ERP,경영관리시스템,19012,general,active,read,2019-03-14,2025-05-17,2026-01-21
1591,19066,PORTAL,고객포털,19066,general,active,read,2020-08-23,2025-12-16,2026-02-12
1592,19066,ERP,경영관리시스템,19066,general,active,read,2020-08-24,2026-03-06,2026-01-07
1593,19105,PORTAL,고객포털,19105,general,active,read,2025-08-19,2025-04-15,2026-02-14
1594,19105,ERP,경영관리시스템,19105,general,active,read,2025-08-23,2025-07-03,2025-12-09
1595,19108,PORTAL,고객포털,19108,general,active,read,2023-12-22,2025-11-12,2025-12-27
1596,19108,ERP,경영관리시스템,19108,general,active,read,2023-12-23,2026-01-16,2026-01-27
1597,19115,PORTAL,고객포털,19115,general,inactive,read,2017-06-20,2025-05-02,2026-03-10
1598,19115,ERP,경영관리시스템,19115,general,inactive,read,2017-06-20,2025-12-21,2026-02-12
1599,19125,PORTAL,고객포털,19125,general,active,read,2023-01-02,2025-07-18,2026-03-08
1600,19125,ERP,경영관리시스템,19125,general,active,read,2023-01-05,2025-10-10,2026-02-19
1601,19127,PORTAL,고객포털,19127,general,active,read,2024-10-07,2026-01-16,2025-12-04
1602,19127,ERP,경영관리시스템,19127,admin,active,admin,2024-10-09,2025-11-14,2026-01-21
1603,19129,PORTAL,고객포털,19129,general,active,read,2017-06-09,2026-04-12,2026-01-27
1604,19129,ERP,경영관리시스템,19129,general,active,read,2017-06-08,2026-02-02,2024-06-08
1605,19146,CRED,신용평가시스템,19146,general,inactive,write,2017-01-03,2025-04-01,2026-02-14
1606,19146,DEVP,개발포털,19146,general,inactive,write,2017-01-02,2026-01-12,2026-01-17
1607,19146,DW,데이터웨어하우스,19146,general,inactive,write,2017-01-06,2025-01-21,2025-12-31
1608,19232,CRED,신용평가시스템,19232,general,active,read,2025-12-31,2025-05-16,2026-02-10
1609,19232,PORTAL,고객포털,19232,general,active,read,2025-12-29,2026-03-10,2026-01-11
1610,19232,ERP,경영관리시스템,19232,general,active,write,2025-12-30,2025-08-27,2025-04-01
1611,19232,DW,데이터웨어하우스,19232,general,active,write,2025-12-29,2026-04-21,2025-12-11
1612,19232,DEVP,개발포털,19232,general,active,read,2025-12-30,2025-11-12,2024-11-18
1613,19299,CRED,신용평가시스템,19299,general,active,read,2024-07-09,2025-10-09,2026-04-05
1614,19299,DEVP,개발포털,19299,general,active,read,2024-07-09,2025-06-12,2025-12-19
1615,19299,DW,데이터웨어하우스,19299,general,active,write,2024-07-11,2025-09-24,2026-01-26
1616,19338,PORTAL,고객포털,19338,general,active,read,2016-03-06,2025-03-23,2026-04-09
1617,19338,ERP,경영관리시스템,19338,general,active,read,2016-03-09,2025-02-17,2026-03-14
1618,19347,PORTAL,고객포털,19347,general,active,read,2020-03-17,2026-03-29,2026-01-26
1619,19347,ERP,경영관리시스템,19347,general,active,read,2020-03-16,2025-06-19,2026-02-23
1620,19401,PORTAL,고객포털,19401,general,active,read,2023-09-15,2025-04-22,2026-02-14
1621,19401,ERP,경영관리시스템,19401,general,active,read,2023-09-17,2025-09-01,2026-04-15
1622,19482,PORTAL,고객포털,19482,general,active,read,2021-10-18,2025-02-28,2025-12-03
1623,19482,ERP,경영관리시스템,19482,general,active,read,2021-10-16,2025-05-04,2026-03-25
1624,19606,PORTAL,고객포털,19606,general,active,read,2021-09-04,2025-01-21,2026-02-01
1625,19606,ERP,경영관리시스템,19606,general,active,read,2021-09-02,2026-04-14,2026-03-08
1626,19617,PORTAL,고객포털,19617,general,active,read,2019-10-13,2025-05-12,2026-03-09
1627,19617,ERP,경영관리시스템,19617,general,active,read,2019-10-17,2025-01-13,2026-02-11
1628,19688,PORTAL,고객포털,19688,general,active,read,2018-02-21,2025-09-21,2026-03-06
1629,19688,ERP,경영관리시스템,19688,general,active,read,2018-02-21,2025-09-07,2026-03-25
1630,19722,PORTAL,고객포털,19722,general,active,read,2024-07-25,2026-04-05,2026-02-14
1631,19722,ERP,경영관리시스템,19722,general,active,read,2024-07-26,2025-09-21,2026-02-21
1632,19779,PORTAL,고객포털,19779,general,active,read,2021-09-06,2025-03-27,2025-12-25
1633,19779,ERP,경영관리시스템,19779,general,active,read,2021-09-10,2025-11-17,2025-12-02
1634,19810,PORTAL,고객포털,19810,general,active,read,2020-07-31,2025-12-10,2026-01-23
1635,19810,ERP,경영관리시스템,19810,general,active,read,2020-08-01,2026-03-04,2026-03-19
1636,19830,PORTAL,고객포털,19830,general,active,read,2021-02-10,2025-10-03,2026-01-22
1637,19830,ERP,경영관리시스템,19830,general,active,read,2021-02-13,2026-01-18,2025-12-19
1638,19840,PORTAL,고객포털,19840,general,active,read,2018-06-16,2025-08-24,2025-12-07
1639,19840,ERP,경영관리시스템,19840,general,active,read,2018-06-17,2025-02-14,2025-12-10
1640,19861,PORTAL,고객포털,19861,general,inactive,read,2022-08-22,2025-04-02,2025-12-14
1641,19861,ERP,경영관리시스템,19861,general,inactive,read,2022-08-24,2025-10-22,2025-12-19
1642,19912,PORTAL,고객포털,19912,general,active,read,2024-09-25,2025-07-28,2026-02-05
1643,19912,ERP,경영관리시스템,19912,general,active,read,2024-09-27,2025-11-19,2026-03-26
1644,19957,CRED,신용평가시스템,19957,general,active,write,2019-10-16,2025-01-09,2026-03-21
1645,19957,DEVP,개발포털,19957,general,active,read,2019-10-16,2025-01-04,2025-12-31
1646,19957,DW,데이터웨어하우스,19957,general,active,read,2019-10-17,2025-10-27,2025-12-17
1647,20000,PORTAL,고객포털,20000,general,active,read,2022-04-07,2025-07-03,2025-12-19
1648,20000,ERP,경영관리시스템,20000,general,active,read,2022-04-11,2025-05-29,2025-12-28
1649,20076,PORTAL,고객포털,20076,general,active,read,2023-03-13,2025-05-25,2025-12-23
1650,20076,ERP,경영관리시스템,20076,general,active,read,2023-03-14,2025-07-22,2026-03-08
1651,20101,PORTAL,고객포털,20101,general,active,read,2025-02-01,2025-03-22,2026-04-01
1652,20101,ERP,경영관리시스템,20101,general,active,read,2025-02-05,2025-03-11,2026-01-26
1653,20134,PORTAL,고객포털,20134,general,active,read,2020-09-28,2025-11-21,2026-02-14
1654,20134,ERP,경영관리시스템,20134,general,active,read,2020-09-26,2025-12-13,2025-04-07
1655,20171,PORTAL,고객포털,20171,general,active,read,2016-03-30,2025-10-11,2025-12-03
1656,20171,ERP,경영관리시스템,20171,general,active,read,2016-04-01,2025-03-05,2026-01-06
1657,20214,PORTAL,고객포털,20214,general,active,read,2024-01-02,2025-10-21,2025-12-02
1658,20214,ERP,경영관리시스템,20214,general,active,read,2024-01-06,2025-10-03,2026-03-11
1659,20276,PORTAL,고객포털,20276,general,active,read,2019-09-30,2025-06-06,2025-12-22
1660,20276,ERP,경영관리시스템,20276,general,active,read,2019-09-27,2025-04-19,2026-02-27
1661,20278,PORTAL,고객포털,20278,general,active,read,2016-02-16,2025-03-14,2026-04-11
1662,20278,ERP,경영관리시스템,20278,general,active,read,2016-02-14,2025-04-24,2026-01-17
1663,20286,PORTAL,고객포털,20286,general,active,read,2017-11-29,2025-04-10,2026-02-03
1664,20286,ERP,경영관리시스템,20286,general,active,read,2017-11-25,2025-12-10,2026-01-16
1665,20295,PORTAL,고객포털,20295,general,inactive,read,2018-05-28,2026-03-12,2025-12-14
1666,20295,ERP,경영관리시스템,20295,general,inactive,read,2018-05-28,2025-11-27,2026-03-29
1667,20311,PORTAL,고객포털,20311,general,active,read,2023-06-12,2025-05-29,2025-12-19
1668,20311,ERP,경영관리시스템,20311,general,active,read,2023-06-08,2025-02-20,2026-02-03
1669,20336,PORTAL,고객포털,20336,general,active,read,2024-02-21,2025-06-19,2026-04-04
1670,20336,ERP,경영관리시스템,20336,general,active,read,2024-02-22,2025-12-10,2026-01-02
1671,20360,PORTAL,고객포털,20360,general,active,read,2018-04-01,2025-05-26,2025-12-26
1672,20360,ERP,경영관리시스템,20360,general,active,read,2018-04-04,2026-04-06,2025-12-18
1673,20366,PORTAL,고객포털,20366,general,inactive,read,2020-10-28,2025-09-06,2026-02-20
1674,20366,ERP,경영관리시스템,20366,general,inactive,read,2020-10-30,2025-11-12,2026-02-23
1675,20559,PORTAL,고객포털,20559,general,active,read,2018-12-09,2025-10-17,2024-08-15
1676,20559,ERP,경영관리시스템,20559,general,active,read,2018-12-11,2026-02-18,2026-03-04
1677,20621,PORTAL,고객포털,20621,general,active,read,2019-11-11,2025-03-28,2026-03-20
1678,20621,ERP,경영관리시스템,20621,general,active,read,2019-11-09,2025-05-07,2026-02-19
1679,20626,PORTAL,고객포털,20626,general,active,read,2022-10-20,2025-05-22,2026-03-22
1680,20626,ERP,경영관리시스템,20626,general,active,read,2022-10-21,2025-12-14,2026-01-04
1681,20688,CRED,신용평가시스템,20688,general,active,write,2016-01-20,2025-08-17,2026-04-02
1682,20688,DEVP,개발포털,20688,general,active,write,2016-01-20,2025-10-10,2026-02-17
1683,20688,DW,데이터웨어하우스,20688,general,active,read,2016-01-18,2025-11-07,2026-01-14
1684,20756,PORTAL,고객포털,20756,general,active,read,2022-11-28,2026-03-16,2026-02-10
1685,20756,ERP,경영관리시스템,20756,general,active,read,2022-11-29,2025-05-15,2026-01-20
1686,20819,PORTAL,고객포털,20819,general,active,read,2019-05-19,2026-04-02,2025-12-20
1687,20819,ERP,경영관리시스템,20819,general,active,read,2019-05-19,2025-11-20,2026-04-09
1688,20827,PORTAL,고객포털,20827,general,active,read,2020-10-22,2026-01-29,2026-03-14
1689,20827,ERP,경영관리시스템,20827,general,active,read,2020-10-26,2026-04-10,2026-01-24
1690,20851,PORTAL,고객포털,20851,general,active,read,2016-11-26,2025-10-06,2026-02-05
1691,20851,ERP,경영관리시스템,20851,general,active,read,2016-11-30,2025-12-01,2026-03-31
1692,20885,PORTAL,고객포털,20885,general,inactive,read,2022-11-22,2025-07-20,2026-03-04
1693,20885,ERP,경영관리시스템,20885,general,inactive,read,2022-11-22,2025-03-10,2026-02-13
1694,20929,PORTAL,고객포털,20929,general,active,read,2019-12-01,2025-09-19,2024-11-09
1695,20929,ERP,경영관리시스템,20929,general,active,read,2019-11-28,2025-07-06,2026-03-12
1696,20983,PORTAL,고객포털,20983,general,inactive,read,2024-09-11,2025-12-06,2025-12-03
1697,20983,ERP,경영관리시스템,20983,general,inactive,read,2024-09-08,2026-01-23,2026-01-12
1698,21029,CRED,신용평가시스템,21029,general,active,write,2024-12-23,2025-03-23,2026-01-05
1699,21029,DEVP,개발포털,21029,general,active,read,2024-12-20,2026-01-10,2026-01-07
1700,21029,DW,데이터웨어하우스,21029,general,active,write,2024-12-22,2025-04-23,2026-03-02
1701,21078,PORTAL,고객포털,21078,general,active,read,2022-08-27,2025-02-02,2026-01-29
1702,21078,ERP,경영관리시스템,21078,general,active,read,2022-08-26,2025-04-30,2026-03-05
1703,21118,CRED,신용평가시스템,21118,general,active,read,2019-02-03,2026-04-10,2026-01-22
1704,21118,DEVP,개발포털,21118,general,active,write,2019-02-05,2026-04-15,2026-03-10
1705,21118,DW,데이터웨어하우스,21118,general,active,write,2019-02-06,2025-11-29,2024-12-24
1706,21146,PORTAL,고객포털,21146,general,active,read,2017-08-06,2025-12-27,2025-12-27
1707,21146,ERP,경영관리시스템,21146,general,active,read,2017-08-08,2026-03-04,2026-02-09
1708,21149,CRED,신용평가시스템,21149,general,active,write,2024-04-19,2025-12-01,2026-01-14
1709,21149,DEVP,개발포털,21149,general,active,read,2024-04-20,2025-12-01,2026-03-04
1710,21149,DW,데이터웨어하우스,21149,general,active,write,2024-04-17,2025-07-12,2024-10-03
1711,21235,PORTAL,고객포털,21235,general,active,read,2024-03-18,2025-07-27,2026-04-12
1712,21235,ERP,경영관리시스템,21235,general,active,read,2024-03-19,2025-09-07,2026-02-27
1713,21270,CRED,신용평가시스템,21270,general,inactive,read,2018-06-19,2026-03-28,2025-12-02
1714,21270,DEVP,개발포털,21270,general,inactive,write,2018-06-17,2025-04-28,2026-03-23
1715,21270,DW,데이터웨어하우스,21270,general,inactive,read,2018-06-16,2025-05-24,2026-04-11
1716,21327,CRED,신용평가시스템,21327,general,inactive,write,2019-06-30,2025-03-22,2026-01-08
1717,21327,PORTAL,고객포털,21327,general,inactive,read,2019-07-01,2025-04-28,2025-12-31
1718,21327,ERP,경영관리시스템,21327,general,active,read,2019-07-02,2025-02-28,2026-02-23
1719,21327,DW,데이터웨어하우스,21327,general,inactive,write,2019-07-02,2025-04-18,2026-04-02
1720,21327,DEVP,개발포털,21327,general,inactive,read,2019-07-03,2026-03-03,2026-01-11
1721,21436,PORTAL,고객포털,21436,general,active,read,2024-03-13,2025-05-05,2025-12-06
1722,21436,ERP,경영관리시스템,21436,general,active,read,2024-03-10,2025-10-21,2026-01-02
1723,21457,PORTAL,고객포털,21457,general,active,read,2019-09-28,2025-03-10,2026-01-11
1724,21457,ERP,경영관리시스템,21457,general,active,read,2019-09-28,2026-04-02,2025-12-11
1725,21506,PORTAL,고객포털,21506,general,active,read,2020-06-19,2025-01-29,2026-01-07
1726,21506,ERP,경영관리시스템,21506,general,active,read,2020-06-16,2026-04-18,2026-02-05
1727,21589,PORTAL,고객포털,21589,general,active,read,2022-03-08,2025-07-27,2026-04-12
1728,21589,ERP,경영관리시스템,21589,general,active,read,2022-03-11,2026-03-26,2025-12-05
1729,21609,PORTAL,고객포털,21609,general,active,read,2025-05-12,2025-04-21,2025-12-22
1730,21609,ERP,경영관리시스템,21609,general,active,read,2025-05-13,2026-03-21,2024-02-14
1731,21641,PORTAL,고객포털,21641,general,active,read,2024-02-01,2025-04-23,2026-01-13
1732,21641,ERP,경영관리시스템,21641,general,active,read,2024-02-01,2026-02-11,2026-01-06
1733,21724,CRED,신용평가시스템,21724,general,active,read,2025-07-23,2025-12-04,2026-01-16
1734,21724,DEVP,개발포털,21724,general,active,write,2025-07-23,2026-01-06,2026-02-06
1735,21724,DW,데이터웨어하우스,21724,general,active,read,2025-07-21,2025-10-30,2026-03-27
1736,21763,PORTAL,고객포털,21763,general,active,read,2017-08-06,2025-07-13,2026-01-28
1737,21763,ERP,경영관리시스템,21763,general,active,read,2017-08-09,2025-02-25,2026-01-03
1738,21850,CRED,신용평가시스템,21850,general,active,read,2018-03-26,2026-03-17,2026-01-21
1739,21850,DEVP,개발포털,21850,general,active,write,2018-03-30,2025-11-07,2026-03-18
1740,21850,DW,데이터웨어하우스,21850,general,active,write,2018-03-26,2026-04-07,2026-01-15
1741,21861,PORTAL,고객포털,21861,general,inactive,read,2021-10-30,2026-03-26,2025-12-10
1742,21861,ERP,경영관리시스템,21861,general,inactive,read,2021-10-30,2026-01-21,2026-04-08
1743,21894,PORTAL,고객포털,21894,general,inactive,read,2023-04-11,2025-09-04,2025-12-24
1744,21894,ERP,경영관리시스템,21894,general,inactive,read,2023-04-12,2026-04-05,2025-12-01
1745,21934,PORTAL,고객포털,21934,general,active,read,2021-09-19,2025-08-04,2026-04-13
1746,21934,ERP,경영관리시스템,21934,general,active,read,2021-09-18,2025-12-24,2025-12-12
1747,21948,CRED,신용평가시스템,21948,general,active,write,2016-09-03,2026-04-26,2026-03-20
1748,21948,PORTAL,고객포털,21948,general,active,write,2016-09-02,2025-10-29,2026-03-08
1749,21948,ERP,경영관리시스템,21948,general,active,write,2016-09-03,2025-03-10,2025-12-26
1750,21948,DW,데이터웨어하우스,21948,general,active,write,2016-09-01,2026-04-11,2026-04-02
1751,21948,DEVP,개발포털,21948,general,active,read,2016-08-30,2026-03-25,2026-02-11
1752,21954,PORTAL,고객포털,21954,general,active,read,2025-06-14,2025-05-12,2026-03-15
1753,21954,ERP,경영관리시스템,21954,general,active,read,2025-06-11,2025-12-30,2025-12-02
1754,22098,CRED,신용평가시스템,22098,general,active,write,2021-02-19,2025-09-24,2026-04-13
1755,22098,ERP,경영관리시스템,22098,general,active,read,2021-02-19,2025-04-16,2026-03-07
1756,22098,DW,데이터웨어하우스,22098,general,active,write,2021-02-21,2025-02-24,2026-03-15
1757,22108,PORTAL,고객포털,22108,general,active,read,2019-09-20,2025-11-30,2026-03-20
1758,22108,ERP,경영관리시스템,22108,general,active,read,2019-09-23,2025-05-14,2026-02-03
1759,22130,CRED,신용평가시스템,22130,general,active,read,2025-05-11,2025-07-07,2026-03-19
1760,22130,PORTAL,고객포털,22130,general,active,read,2025-05-11,2025-07-23,2026-02-09
1761,22130,ERP,경영관리시스템,22130,general,active,read,2025-05-08,2026-02-06,2026-03-16
1762,22130,DW,데이터웨어하우스,22130,general,active,write,2025-05-11,2025-07-09,2026-04-03
1763,22130,DEVP,개발포털,22130,general,active,write,2025-05-11,2025-06-07,2026-04-03
1764,22236,PORTAL,고객포털,22236,general,active,read,2018-07-07,2026-02-01,2026-02-27
1765,22236,ERP,경영관리시스템,22236,general,active,read,2018-07-06,2026-03-14,2026-01-05
1766,22252,CRED,신용평가시스템,22252,general,active,write,2023-05-28,2026-02-05,2026-01-28
1767,22252,DEVP,개발포털,22252,general,active,write,2023-05-29,2025-09-18,2025-12-26
1768,22252,DW,데이터웨어하우스,22252,general,active,read,2023-05-31,2025-11-11,2026-02-25
1769,22403,PORTAL,고객포털,22403,general,active,read,2022-12-04,2025-07-19,2026-01-11
1770,22403,ERP,경영관리시스템,22403,general,active,read,2022-12-04,2026-02-26,2025-12-24
1771,22418,CRED,신용평가시스템,22418,general,active,read,2021-05-31,2025-08-11,2026-03-31
1772,22418,DEVP,개발포털,22418,general,active,write,2021-05-30,2025-04-24,2025-12-17
1773,22418,DW,데이터웨어하우스,22418,general,active,read,2021-06-01,2025-01-20,2025-12-21
1774,22423,PORTAL,고객포털,22423,admin,inactive,admin,2019-03-03,2025-11-11,2026-03-13
1775,22423,ERP,경영관리시스템,22423,general,inactive,read,2019-03-04,2025-12-31,2026-02-12
1776,22433,PORTAL,고객포털,22433,general,inactive,read,2022-05-23,2026-04-30,2025-12-15
1777,22433,ERP,경영관리시스템,22433,general,inactive,read,2022-05-20,2025-08-13,2026-04-06
1778,22449,PORTAL,고객포털,22449,general,active,read,2024-07-28,2026-03-12,2026-01-21
1779,22449,ERP,경영관리시스템,22449,general,active,read,2024-08-01,2025-04-10,2026-02-12
1780,22455,PORTAL,고객포털,22455,general,active,read,2022-07-28,2025-09-22,2026-04-10
1781,22455,ERP,경영관리시스템,22455,general,active,read,2022-07-29,2025-12-12,2026-01-13
1782,22504,CRED,신용평가시스템,22504,general,active,write,2017-10-18,2025-12-02,2026-03-03
1783,22504,PORTAL,고객포털,22504,general,active,write,2017-10-18,2025-05-22,2026-01-10
1784,22504,ERP,경영관리시스템,22504,general,active,read,2017-10-21,2025-07-22,2024-01-26
1785,22504,DW,데이터웨어하우스,22504,general,active,read,2017-10-21,2025-01-08,2026-01-21
1786,22504,DEVP,개발포털,22504,general,active,read,2017-10-18,2025-05-26,2025-12-24
1787,22535,PORTAL,고객포털,22535,general,active,read,2018-10-18,2025-06-27,2026-02-28
1788,22535,ERP,경영관리시스템,22535,general,active,read,2018-10-16,2025-11-07,2026-01-27
1789,22608,CRED,신용평가시스템,22608,general,active,write,2018-07-21,2025-10-22,2026-03-27
1790,22608,DEVP,개발포털,22608,general,active,write,2018-07-20,2025-07-28,2026-02-05
1791,22608,DW,데이터웨어하우스,22608,general,active,read,2018-07-24,2025-02-07,2025-12-28
1792,22622,CRED,신용평가시스템,22622,general,active,write,2018-10-16,2026-04-30,2026-02-14
1793,22622,DEVP,개발포털,22622,general,active,write,2018-10-12,2026-03-25,2026-04-11
1794,22622,DW,데이터웨어하우스,22622,general,active,read,2018-10-16,2025-08-15,2026-02-03
1795,22793,CRED,신용평가시스템,22793,general,inactive,write,2021-11-22,2026-01-23,2026-04-03
1796,22793,DEVP,개발포털,22793,general,inactive,read,2021-11-21,2025-08-24,2026-03-28
1797,22793,DW,데이터웨어하우스,22793,general,inactive,write,2021-11-23,2025-03-01,2025-12-08
1798,22964,CRED,신용평가시스템,22964,general,active,write,2024-03-06,2025-11-21,2025-12-18
1799,22964,PORTAL,고객포털,22964,general,active,write,2024-03-05,2025-07-31,2026-01-28
1800,22964,ERP,경영관리시스템,22964,general,active,read,2024-03-06,2025-01-05,2026-04-12
1801,22964,DW,데이터웨어하우스,22964,general,active,write,2024-03-06,2025-02-17,2026-02-02
1802,22964,DEVP,개발포털,22964,general,active,write,2024-03-07,2025-10-11,2026-02-26
1803,22969,PORTAL,고객포털,22969,general,inactive,read,2021-02-23,2025-06-10,2026-04-01
1804,22969,ERP,경영관리시스템,22969,general,active,read,2021-02-24,2026-04-03,2026-01-25
1805,23056,CRED,신용평가시스템,23056,general,active,write,2019-06-30,2026-04-30,2026-02-07
1806,23056,DEVP,개발포털,23056,general,active,read,2019-06-27,2025-04-13,2026-04-07
1807,23056,DW,데이터웨어하우스,23056,general,active,write,2019-06-27,2025-04-16,2025-03-04
1808,23074,PORTAL,고객포털,23074,general,inactive,read,2024-07-10,2026-03-04,2026-01-21
1809,23074,ERP,경영관리시스템,23074,general,inactive,read,2024-07-10,2025-03-21,2026-03-02
1810,23087,CRED,신용평가시스템,23087,general,active,write,2020-04-14,2025-12-13,2025-12-31
1811,23087,DEVP,개발포털,23087,general,active,read,2020-04-17,2025-01-22,2025-12-02
1812,23087,DW,데이터웨어하우스,23087,general,active,read,2020-04-17,2025-06-11,2026-03-06
1813,23096,PORTAL,고객포털,23096,general,active,read,2020-07-30,2025-09-09,2026-02-09
1814,23096,ERP,경영관리시스템,23096,general,active,read,2020-07-28,2025-05-24,2026-04-10
1815,23141,PORTAL,고객포털,23141,general,active,read,2020-01-30,2026-01-20,2026-01-26
1816,23141,ERP,경영관리시스템,23141,general,active,read,2020-01-31,2025-01-28,2026-01-02
1817,23145,CRED,신용평가시스템,23145,general,active,write,2019-06-27,2026-04-27,2026-03-19
1818,23145,ERP,경영관리시스템,23145,general,active,read,2019-06-27,2025-06-27,2025-12-09
1819,23145,DW,데이터웨어하우스,23145,general,active,write,2019-06-26,2025-03-03,2026-01-14
1820,23185,PORTAL,고객포털,23185,general,active,read,2016-09-29,2025-06-11,2026-03-28
1821,23185,ERP,경영관리시스템,23185,general,active,read,2016-09-25,2025-12-12,2025-12-04
1822,23193,PORTAL,고객포털,23193,general,active,read,2019-11-11,2025-10-25,2026-03-08
1823,23193,ERP,경영관리시스템,23193,general,active,read,2019-11-10,2025-07-05,2026-02-22
1824,23230,PORTAL,고객포털,23230,general,active,read,2016-03-19,2025-04-06,2026-02-05
1825,23230,ERP,경영관리시스템,23230,general,active,read,2016-03-19,2025-05-02,2026-02-06
1826,23306,PORTAL,고객포털,23306,general,active,read,2025-11-15,2025-11-10,2026-03-31
1827,23306,ERP,경영관리시스템,23306,general,active,read,2025-11-15,2025-04-05,2026-03-04
1828,23316,PORTAL,고객포털,23316,general,inactive,read,2019-07-27,2025-04-18,2026-03-19
1829,23316,ERP,경영관리시스템,23316,general,inactive,read,2019-07-27,2025-07-06,2026-03-06
1830,23317,PORTAL,고객포털,23317,general,active,read,2018-06-09,2025-08-19,2026-02-10
1831,23317,ERP,경영관리시스템,23317,general,active,read,2018-06-07,2025-10-22,2026-01-03
1832,23338,CRED,신용평가시스템,23338,general,active,read,2020-09-20,2025-05-19,2025-12-26
1833,23338,PORTAL,고객포털,23338,general,active,write,2020-09-20,2025-04-11,2026-03-21
1834,23338,ERP,경영관리시스템,23338,general,active,write,2020-09-20,2026-02-17,2026-01-08
1835,23338,DW,데이터웨어하우스,23338,general,active,write,2020-09-19,2025-09-13,2026-01-15
1836,23338,DEVP,개발포털,23338,general,active,read,2020-09-20,2026-01-04,2026-04-12
1837,23382,PORTAL,고객포털,23382,general,active,read,2023-10-05,2025-06-03,2024-11-11
1838,23382,ERP,경영관리시스템,23382,general,active,read,2023-10-05,2025-07-23,2025-12-13
1839,23470,PORTAL,고객포털,23470,general,active,read,2022-10-19,2025-01-31,2026-01-11
1840,23470,ERP,경영관리시스템,23470,general,active,read,2022-10-20,2025-09-01,2026-02-04
1841,23491,CRED,신용평가시스템,23491,general,active,read,2017-01-12,2025-06-21,2026-03-26
1842,23491,ERP,경영관리시스템,23491,general,active,write,2017-01-14,2025-10-14,2026-03-03
1843,23491,DW,데이터웨어하우스,23491,general,active,write,2017-01-16,2025-01-11,2026-02-04
1844,23510,PORTAL,고객포털,23510,general,inactive,read,2020-12-16,2025-06-29,2026-01-01
1845,23510,ERP,경영관리시스템,23510,general,inactive,read,2020-12-17,2025-10-23,2026-01-20
1846,23737,CRED,신용평가시스템,23737,general,active,write,2017-08-09,2025-07-01,2026-01-14
1847,23737,PORTAL,고객포털,23737,general,active,write,2017-08-07,2026-02-01,2026-04-10
1848,23737,ERP,경영관리시스템,23737,general,active,write,2017-08-08,2025-11-11,2025-12-21
1849,23737,DW,데이터웨어하우스,23737,general,active,read,2017-08-07,2025-03-16,2026-03-29
1850,23737,DEVP,개발포털,23737,general,active,write,2017-08-06,2025-11-20,2026-02-25
1851,23746,PORTAL,고객포털,23746,general,active,read,2018-12-26,2026-03-11,2024-03-07
1852,23746,ERP,경영관리시스템,23746,general,active,read,2018-12-22,2025-03-24,2025-12-21
1853,23777,CRED,신용평가시스템,23777,general,active,write,2025-11-07,2025-06-12,2026-01-28
1854,23777,DEVP,개발포털,23777,general,active,read,2025-11-07,2025-11-27,2026-02-07
1855,23777,DW,데이터웨어하우스,23777,general,active,write,2025-11-08,2026-02-04,2026-02-08
1856,23824,PORTAL,고객포털,23824,general,active,read,2023-12-07,2025-08-19,2026-04-13
1857,23824,ERP,경영관리시스템,23824,general,active,read,2023-12-08,2025-04-05,2026-01-12
1858,23825,PORTAL,고객포털,23825,general,active,read,2022-10-27,2026-01-08,2026-01-02
1859,23825,ERP,경영관리시스템,23825,general,active,read,2022-10-28,2026-04-27,2026-02-03
1860,23833,CRED,신용평가시스템,23833,general,active,write,2019-01-30,2025-07-23,2026-01-23
1861,23833,DEVP,개발포털,23833,general,active,write,2019-01-30,2026-04-25,2025-12-25
1862,23833,DW,데이터웨어하우스,23833,general,active,write,2019-02-02,2026-01-30,2025-12-14
1863,23848,PORTAL,고객포털,23848,general,active,read,2024-04-03,2026-01-27,2026-04-14
1864,23848,ERP,경영관리시스템,23848,general,active,read,2024-03-31,2025-05-15,2025-12-27
1865,23861,PORTAL,고객포털,23861,general,active,read,2022-11-21,2025-02-13,2026-01-09
1866,23861,ERP,경영관리시스템,23861,general,active,read,2022-11-20,2025-04-28,2026-02-18
1867,23865,PORTAL,고객포털,23865,general,active,read,2023-07-18,2025-08-15,2026-02-11
1868,23865,ERP,경영관리시스템,23865,admin,active,admin,2023-07-18,2025-09-27,2026-01-03
1869,23879,PORTAL,고객포털,23879,general,inactive,read,2021-12-19,2025-01-18,2025-12-08
1870,23879,ERP,경영관리시스템,23879,general,inactive,read,2021-12-20,2026-03-19,2026-02-22
1871,24014,PORTAL,고객포털,24014,general,active,read,2021-10-27,2026-03-22,2026-03-30
1872,24014,ERP,경영관리시스템,24014,general,active,read,2021-10-28,2025-10-08,2026-02-08
1873,24038,CRED,신용평가시스템,24038,general,active,read,2025-03-04,2025-10-04,2026-01-04
1874,24038,DEVP,개발포털,24038,general,active,read,2025-03-02,2026-01-19,2026-03-27
1875,24038,DW,데이터웨어하우스,24038,general,active,read,2025-03-05,2025-11-24,2026-03-22
1876,24083,PORTAL,고객포털,24083,general,active,read,2023-08-21,2026-04-11,2026-02-18
1877,24083,ERP,경영관리시스템,24083,general,active,read,2023-08-19,2025-10-04,2026-04-03
1878,24086,PORTAL,고객포털,24086,general,active,read,2020-03-22,2025-08-15,2025-12-23
1879,24086,ERP,경영관리시스템,24086,general,active,read,2020-03-23,2025-07-31,2026-03-04
1880,24124,CRED,신용평가시스템,24124,general,active,write,2021-04-20,2025-01-06,2026-01-09
1881,24124,DEVP,개발포털,24124,general,active,write,2021-04-18,2025-06-26,2026-04-13
1882,24124,DW,데이터웨어하우스,24124,general,active,read,2021-04-20,2025-01-05,2026-03-31
1883,24132,PORTAL,고객포털,24132,general,active,read,2022-11-16,2025-06-03,2026-04-02
1884,24132,ERP,경영관리시스템,24132,general,active,read,2022-11-13,2026-02-13,2026-03-21
1885,24239,CRED,신용평가시스템,24239,general,active,write,2019-02-06,2025-10-08,2026-01-29
1886,24239,DEVP,개발포털,24239,general,active,write,2019-02-06,2026-03-28,2026-01-18
1887,24239,DW,데이터웨어하우스,24239,general,active,write,2019-02-08,2025-05-08,2026-03-22
1888,24246,PORTAL,고객포털,24246,general,active,read,2017-09-27,2026-03-01,2026-03-10
1889,24246,ERP,경영관리시스템,24246,general,active,read,2017-09-29,2025-05-15,2026-01-26
1890,24288,PORTAL,고객포털,24288,general,active,read,2022-06-19,2025-11-17,2026-03-19
1891,24288,ERP,경영관리시스템,24288,general,active,read,2022-06-20,2026-01-27,2026-04-12
1892,24299,PORTAL,고객포털,24299,general,active,read,2020-09-08,2025-05-26,2026-02-08
1893,24299,ERP,경영관리시스템,24299,general,inactive,read,2020-09-08,2025-07-31,2026-02-07
1894,24355,PORTAL,고객포털,24355,general,active,read,2023-06-14,2025-04-04,2025-12-18
1895,24355,ERP,경영관리시스템,24355,general,active,read,2023-06-14,2025-02-26,2026-02-13
1896,24358,PORTAL,고객포털,24358,general,active,read,2022-08-30,2025-05-20,2026-03-26
1897,24358,ERP,경영관리시스템,24358,general,active,read,2022-08-31,2025-04-07,2026-04-05
1898,24476,CRED,신용평가시스템,24476,general,active,write,2019-06-30,2025-01-26,2025-12-05
1899,24476,DEVP,개발포털,24476,general,active,write,2019-07-02,2025-02-22,2025-12-06
1900,24476,DW,데이터웨어하우스,24476,general,active,write,2019-06-30,2026-01-02,2026-02-07
1901,24478,PORTAL,고객포털,24478,general,active,read,2019-12-19,2025-04-30,2025-12-03
1902,24478,ERP,경영관리시스템,24478,general,active,read,2019-12-16,2025-01-08,2026-01-08
1903,24488,PORTAL,고객포털,24488,general,inactive,read,2021-12-21,2025-06-25,2026-01-25
1904,24488,ERP,경영관리시스템,24488,general,inactive,read,2021-12-21,2026-02-07,2026-02-18
1905,24520,PORTAL,고객포털,24520,general,inactive,read,2017-12-27,2025-08-26,2026-03-06
1906,24520,ERP,경영관리시스템,24520,general,inactive,read,2017-12-24,2025-02-11,2026-02-23
1907,24700,PORTAL,고객포털,24700,general,active,read,2018-09-09,2025-05-17,2025-12-15
1908,24700,ERP,경영관리시스템,24700,general,active,read,2018-09-11,2025-10-06,2025-12-19
1909,24719,PORTAL,고객포털,24719,general,active,read,2022-05-13,2025-04-09,2026-01-16
1910,24719,ERP,경영관리시스템,24719,general,active,read,2022-05-12,2026-03-01,2026-03-08
1911,24794,PORTAL,고객포털,24794,general,inactive,read,2020-06-04,2026-01-29,2026-01-01
1912,24794,ERP,경영관리시스템,24794,general,inactive,read,2020-06-05,2026-01-30,2026-03-09
1913,24857,PORTAL,고객포털,24857,general,active,read,2018-06-08,2026-01-13,2026-02-02
1914,24857,ERP,경영관리시스템,24857,general,active,read,2018-06-05,2025-08-24,2026-01-20
1915,24867,PORTAL,고객포털,24867,general,active,read,2023-12-30,2025-12-07,2026-04-13
1916,24867,ERP,경영관리시스템,24867,general,active,read,2023-12-31,2025-07-19,2026-04-01
1917,24909,PORTAL,고객포털,24909,general,active,read,2026-01-01,2025-03-23,2026-02-21
1918,24909,ERP,경영관리시스템,24909,general,active,read,2025-12-30,2025-03-04,2026-04-13
1919,24982,PORTAL,고객포털,24982,general,active,read,2024-09-07,2025-11-23,2026-04-03
1920,24982,ERP,경영관리시스템,24982,general,active,read,2024-09-07,2025-07-04,2026-01-20
1921,25017,PORTAL,고객포털,25017,general,active,read,2021-05-24,2025-02-27,2026-01-25
1922,25017,ERP,경영관리시스템,25017,general,active,read,2021-05-25,2025-06-16,2026-03-22
1923,25035,PORTAL,고객포털,25035,general,active,read,2023-10-24,2026-02-11,2026-01-12
1924,25035,ERP,경영관리시스템,25035,general,active,read,2023-10-26,2025-07-22,2025-12-31
1925,25054,PORTAL,고객포털,25054,general,active,read,2020-07-17,2025-01-22,2025-12-03
1926,25054,ERP,경영관리시스템,25054,general,active,read,2020-07-20,2025-12-19,2026-04-01
1927,25083,PORTAL,고객포털,25083,general,active,read,2017-07-29,2025-07-10,2026-01-09
1928,25083,ERP,경영관리시스템,25083,general,active,read,2017-07-25,2025-03-22,2026-02-02
1929,25147,CRED,신용평가시스템,25147,general,active,read,2019-03-22,2025-11-13,2025-12-24
1930,25147,DEVP,개발포털,25147,general,active,write,2019-03-21,2025-07-02,2025-12-16
1931,25147,DW,데이터웨어하우스,25147,general,active,write,2019-03-20,2025-09-07,2025-12-28
1932,25159,PORTAL,고객포털,25159,general,inactive,read,2022-06-01,2025-10-13,2026-02-20
1933,25159,ERP,경영관리시스템,25159,general,inactive,read,2022-06-02,2026-01-11,2026-03-23
1934,25236,PORTAL,고객포털,25236,general,active,read,2021-02-14,2025-12-19,2025-12-06
1935,25236,ERP,경영관리시스템,25236,general,active,read,2021-02-16,2026-01-06,2026-03-02
1936,25303,PORTAL,고객포털,25303,general,active,read,2017-08-19,2026-04-06,2026-02-03
1937,25303,ERP,경영관리시스템,25303,general,active,read,2017-08-18,2025-12-28,2026-04-04
1938,25337,CRED,신용평가시스템,25337,general,active,read,2016-09-08,2025-12-23,2026-02-14
1939,25337,DEVP,개발포털,25337,general,active,read,2016-09-08,2025-04-06,2026-01-18
1940,25337,DW,데이터웨어하우스,25337,general,active,write,2016-09-09,2026-01-10,2026-02-28
1941,25423,PORTAL,고객포털,25423,general,inactive,read,2021-10-09,2026-03-21,2026-02-09
1942,25423,ERP,경영관리시스템,25423,general,inactive,read,2021-10-10,2025-02-05,2026-01-11
1943,25488,PORTAL,고객포털,25488,general,active,read,2018-10-22,2025-08-19,2026-01-09
1944,25488,ERP,경영관리시스템,25488,general,active,read,2018-10-20,2025-10-05,2026-02-06
1945,25498,PORTAL,고객포털,25498,general,inactive,read,2022-03-17,2025-01-01,2026-03-27
1946,25498,ERP,경영관리시스템,25498,general,inactive,read,2022-03-19,2026-01-11,2026-03-08
1947,25505,PORTAL,고객포털,25505,general,active,read,2022-11-01,2025-11-14,2025-12-05
1948,25505,ERP,경영관리시스템,25505,general,active,read,2022-11-02,2025-06-14,2026-01-31
1949,25574,CRED,신용평가시스템,25574,general,active,write,2020-01-29,2025-09-26,2026-03-10
1950,25574,PORTAL,고객포털,25574,general,active,read,2020-02-01,2025-05-25,2026-01-09
1951,25574,ERP,경영관리시스템,25574,general,active,read,2020-01-31,2025-06-14,2026-03-15
1952,25574,DW,데이터웨어하우스,25574,general,active,read,2020-01-29,2025-12-04,2025-12-25
1953,25574,DEVP,개발포털,25574,general,active,write,2020-01-29,2025-04-02,2025-12-12
1954,25623,CRED,신용평가시스템,25623,general,active,write,2020-10-01,2025-09-06,2026-01-21
1955,25623,DEVP,개발포털,25623,general,active,write,2020-10-02,2025-10-20,2025-12-26
1956,25623,DW,데이터웨어하우스,25623,general,active,read,2020-10-04,2025-11-16,2026-04-05
1957,25773,PORTAL,고객포털,25773,general,active,read,2024-05-06,2025-01-26,2026-02-04
1958,25773,ERP,경영관리시스템,25773,general,active,read,2024-05-04,2025-11-07,2026-01-26
1959,25906,PORTAL,고객포털,25906,general,active,read,2021-08-03,2026-04-22,2025-12-04
1960,25906,ERP,경영관리시스템,25906,general,active,read,2021-08-04,2026-04-21,2026-04-05
1961,25913,PORTAL,고객포털,25913,general,active,read,2023-09-02,2026-02-15,2026-03-30
1962,25913,ERP,경영관리시스템,25913,general,active,read,2023-09-02,2025-10-13,2026-03-03
1963,25924,PORTAL,고객포털,25924,general,active,read,2019-03-18,2026-02-11,2026-03-05
1964,25924,ERP,경영관리시스템,25924,general,active,read,2019-03-15,2025-09-28,2026-02-07
1965,25947,PORTAL,고객포털,25947,general,active,read,2016-10-11,2026-03-04,2025-12-19
1966,25947,ERP,경영관리시스템,25947,general,active,read,2016-10-13,2026-04-29,2025-12-20
1967,26008,PORTAL,고객포털,26008,general,active,read,2020-03-25,2025-02-19,2026-04-12
1968,26008,ERP,경영관리시스템,26008,general,active,read,2020-03-24,2025-09-30,2026-01-29
1969,26010,CRED,신용평가시스템,26010,general,active,write,2023-09-07,2025-09-27,2026-01-18
1970,26010,DEVP,개발포털,26010,general,active,read,2023-09-05,2026-01-19,2026-01-15
1971,26010,DW,데이터웨어하우스,26010,general,active,read,2023-09-08,2025-02-24,2026-03-17
1972,26171,CRED,신용평가시스템,26171,general,active,read,2018-04-20,2025-08-23,2026-03-02
1973,26171,PORTAL,고객포털,26171,general,active,write,2018-04-19,2026-02-10,2025-12-27
1974,26171,ERP,경영관리시스템,26171,general,active,read,2018-04-17,2025-06-22,2026-03-13
1975,26171,DW,데이터웨어하우스,26171,general,active,write,2018-04-17,2026-04-08,2026-03-24
1976,26171,DEVP,개발포털,26171,general,active,write,2018-04-18,2025-07-31,2026-02-22
1977,26358,PORTAL,고객포털,26358,general,inactive,read,2024-06-02,2025-11-08,2026-02-21
1978,26358,ERP,경영관리시스템,26358,general,inactive,read,2024-05-31,2025-07-12,2026-01-24
1979,26403,CRED,신용평가시스템,26403,general,active,write,2022-12-04,2025-08-20,2026-02-04
1980,26403,DEVP,개발포털,26403,general,active,write,2022-12-03,2026-01-07,2026-03-12
1981,26403,DW,데이터웨어하우스,26403,general,active,read,2022-11-30,2025-01-09,2026-02-11
1982,26477,PORTAL,고객포털,26477,general,active,read,2025-02-22,2026-04-01,2026-01-04
1983,26477,ERP,경영관리시스템,26477,general,active,read,2025-02-20,2025-06-03,2025-12-02
1984,26559,PORTAL,고객포털,26559,general,active,read,2025-05-03,2026-03-15,2026-01-24
1985,26559,ERP,경영관리시스템,26559,general,active,read,2025-05-04,2026-01-31,2025-12-06
1986,26561,CRED,신용평가시스템,26561,general,inactive,read,2018-01-25,2025-10-20,2026-04-10
1987,26561,ERP,경영관리시스템,26561,general,inactive,write,2018-01-27,2025-01-20,2026-01-09
1988,26561,DW,데이터웨어하우스,26561,general,inactive,write,2018-01-26,2025-03-12,2026-03-02
1989,26576,CRED,신용평가시스템,26576,general,active,read,2019-04-05,2025-05-08,2026-03-04
1990,26576,DEVP,개발포털,26576,general,active,write,2019-04-04,2025-02-17,2026-02-04
1991,26576,DW,데이터웨어하우스,26576,general,active,read,2019-04-07,2026-04-15,2026-03-13
1992,26617,CRED,신용평가시스템,26617,general,active,read,2024-04-04,2025-06-16,2025-12-20
1993,26617,DEVP,개발포털,26617,general,active,write,2024-04-06,2026-02-27,2026-01-14
1994,26617,DW,데이터웨어하우스,26617,general,active,read,2024-04-07,2025-11-25,2025-12-25
1995,26635,CRED,신용평가시스템,26635,general,inactive,read,2020-01-24,2026-02-18,2025-12-10
1996,26635,DEVP,개발포털,26635,general,inactive,write,2020-01-26,2026-02-04,2026-03-08
1997,26635,DW,데이터웨어하우스,26635,general,inactive,write,2020-01-22,2026-03-27,2026-02-24
1998,26640,PORTAL,고객포털,26640,general,active,read,2021-07-29,2026-04-22,2026-03-17
1999,26640,ERP,경영관리시스템,26640,general,active,read,2021-07-26,2026-01-18,2026-01-28
2000,26692,PORTAL,고객포털,26692,general,active,read,2023-04-13,2025-11-21,2025-12-03
2001,26692,ERP,경영관리시스템,26692,general,active,read,2023-04-12,2025-06-06,2025-12-14
2002,26696,PORTAL,고객포털,26696,general,active,read,2025-06-05,2025-06-13,2025-12-11
2003,26696,ERP,경영관리시스템,26696,general,active,read,2025-06-05,2025-06-17,2026-01-08
2004,26750,PORTAL,고객포털,26750,general,active,read,2019-01-12,2025-03-20,2026-01-26
2005,26750,ERP,경영관리시스템,26750,general,active,read,2019-01-08,2025-08-17,2026-03-11
2006,26758,CRED,신용평가시스템,26758,general,active,write,2020-11-11,2025-04-24,2026-04-09
2007,26758,ERP,경영관리시스템,26758,general,active,write,2020-11-10,2025-03-17,2026-02-13
2008,26758,DW,데이터웨어하우스,26758,general,active,write,2020-11-08,2025-09-01,2026-02-25
2009,26847,PORTAL,고객포털,26847,general,active,read,2024-06-27,2025-10-08,2025-12-13
2010,26847,ERP,경영관리시스템,26847,general,active,read,2024-06-26,2025-02-13,2026-02-06
2011,26890,PORTAL,고객포털,26890,general,active,read,2021-12-01,2025-08-11,2026-04-08
2012,26890,ERP,경영관리시스템,26890,general,active,read,2021-11-29,2025-09-04,2026-01-04
2013,26959,CRED,신용평가시스템,26959,general,inactive,write,2020-09-16,2025-07-22,2026-01-20
2014,26959,DEVP,개발포털,26959,general,inactive,read,2020-09-16,2025-11-12,2026-01-20
2015,26959,DW,데이터웨어하우스,26959,general,active,write,2020-09-16,2025-02-06,2026-02-02
2016,27036,PORTAL,고객포털,27036,general,active,read,2018-03-15,2025-06-15,2026-03-21
2017,27036,ERP,경영관리시스템,27036,general,active,read,2018-03-17,2025-02-27,2025-12-23
2018,27130,PORTAL,고객포털,27130,general,active,read,2021-09-03,2025-07-07,2026-03-19
2019,27130,ERP,경영관리시스템,27130,general,active,read,2021-09-02,2025-06-14,2026-01-18
2020,27290,CRED,신용평가시스템,27290,general,active,write,2022-03-04,2025-03-28,2025-12-07
2021,27290,ERP,경영관리시스템,27290,general,active,read,2022-03-04,2025-03-16,2026-03-24
2022,27290,DW,데이터웨어하우스,27290,general,active,write,2022-03-05,2025-04-13,2025-12-12
2023,27332,PORTAL,고객포털,27332,general,active,read,2022-08-28,2026-01-23,2026-01-09
2024,27332,ERP,경영관리시스템,27332,general,active,read,2022-08-26,2026-01-14,2025-12-29
2025,27338,PORTAL,고객포털,27338,general,active,read,2022-04-09,2025-11-14,2026-02-01
2026,27338,ERP,경영관리시스템,27338,general,active,read,2022-04-10,2025-01-08,2026-02-12
2027,27378,PORTAL,고객포털,27378,general,inactive,read,2019-06-27,2025-06-06,2025-12-29
2028,27378,ERP,경영관리시스템,27378,general,inactive,read,2019-06-28,2025-01-12,2026-03-31
2029,27403,PORTAL,고객포털,27403,general,active,read,2023-10-23,2026-01-14,2026-01-23
2030,27403,ERP,경영관리시스템,27403,general,active,read,2023-10-25,2025-04-15,2024-08-16
2031,27455,PORTAL,고객포털,27455,general,active,read,2019-04-16,2026-01-20,2026-04-13
2032,27455,ERP,경영관리시스템,27455,general,active,read,2019-04-14,2025-11-15,2026-04-03
2033,27502,PORTAL,고객포털,27502,general,inactive,read,2016-11-27,2025-07-12,2025-12-05
2034,27502,ERP,경영관리시스템,27502,general,inactive,read,2016-11-30,2025-01-23,2026-04-14
2035,27570,PORTAL,고객포털,27570,general,active,read,2024-08-11,2025-01-31,2026-01-13
2036,27570,ERP,경영관리시스템,27570,general,active,read,2024-08-11,2026-02-09,2026-01-21
2037,27571,PORTAL,고객포털,27571,general,active,read,2025-02-21,2025-01-28,2026-02-08
2038,27571,ERP,경영관리시스템,27571,general,active,read,2025-02-20,2025-02-04,2025-12-03
2039,27573,CRED,신용평가시스템,27573,general,inactive,read,2021-02-24,2026-03-13,2026-02-08
2040,27573,ERP,경영관리시스템,27573,general,inactive,write,2021-02-23,2025-05-30,2025-12-28
2041,27573,DW,데이터웨어하우스,27573,general,active,write,2021-02-24,2025-09-18,2026-01-29
2042,27595,PORTAL,고객포털,27595,general,active,read,2023-03-16,2025-09-06,2026-02-19
2043,27595,ERP,경영관리시스템,27595,general,active,read,2023-03-20,2025-04-06,2025-12-23
2044,27617,CRED,신용평가시스템,27617,general,active,write,2019-05-12,2025-10-15,2024-07-15
2045,27617,ERP,경영관리시스템,27617,general,active,write,2019-05-11,2026-04-18,2025-12-11
2046,27617,DW,데이터웨어하우스,27617,general,active,write,2019-05-15,2025-09-08,2026-02-17
2047,27643,PORTAL,고객포털,27643,general,active,read,2024-07-21,2025-01-10,2026-01-10
2048,27643,ERP,경영관리시스템,27643,general,active,read,2024-07-20,2025-07-01,2026-03-01
2049,27661,PORTAL,고객포털,27661,general,active,read,2024-05-21,2025-09-14,2026-01-30
2050,27661,ERP,경영관리시스템,27661,general,active,read,2024-05-21,2025-11-17,2024-11-01
2051,27669,PORTAL,고객포털,27669,general,inactive,read,2023-06-09,2026-04-01,2026-03-10
2052,27669,ERP,경영관리시스템,27669,general,inactive,read,2023-06-07,2025-04-26,2026-02-10
2053,27671,CRED,신용평가시스템,27671,general,active,write,2023-10-25,2025-12-03,2026-02-26
2054,27671,DEVP,개발포털,27671,general,active,read,2023-10-25,2025-07-15,2025-12-23
2055,27671,DW,데이터웨어하우스,27671,general,active,write,2023-10-28,2025-05-04,2026-01-28
2056,27674,PORTAL,고객포털,27674,general,active,read,2019-12-08,2025-08-07,2026-01-09
2057,27674,ERP,경영관리시스템,27674,general,active,read,2019-12-06,2025-08-18,2026-02-23
2058,27713,PORTAL,고객포털,27713,general,active,read,2017-05-08,2025-04-16,2026-01-03
2059,27713,ERP,경영관리시스템,27713,general,active,read,2017-05-05,2026-03-18,2026-01-21
2060,27766,PORTAL,고객포털,27766,general,active,read,2024-03-05,2025-12-19,2026-02-18
2061,27766,ERP,경영관리시스템,27766,general,active,read,2024-03-08,2025-08-09,2026-01-04
2062,27800,PORTAL,고객포털,27800,general,active,read,2017-03-27,2025-06-12,2026-01-10
2063,27800,ERP,경영관리시스템,27800,general,active,read,2017-03-26,2025-04-05,2025-12-31
2064,27856,PORTAL,고객포털,27856,general,active,read,2023-09-20,2026-01-08,2026-01-07
2065,27856,ERP,경영관리시스템,27856,general,active,read,2023-09-18,2026-03-27,2026-02-20
2066,27870,PORTAL,고객포털,27870,general,active,read,2025-01-01,2025-06-05,2026-03-16
2067,27870,ERP,경영관리시스템,27870,general,active,read,2025-01-01,2025-03-19,2026-02-09
2068,27877,PORTAL,고객포털,27877,general,active,read,2022-12-24,2025-03-09,2025-12-28
2069,27877,ERP,경영관리시스템,27877,general,active,read,2022-12-24,2026-01-26,2025-12-07
2070,27954,PORTAL,고객포털,27954,general,active,read,2018-06-08,2025-11-07,2026-02-07
2071,27954,ERP,경영관리시스템,27954,general,active,read,2018-06-08,2025-11-02,2026-01-29
2072,28015,PORTAL,고객포털,28015,general,active,read,2020-04-27,2025-12-18,2026-01-29
2073,28015,ERP,경영관리시스템,28015,general,active,read,2020-04-26,2025-02-10,2026-03-02
2074,28033,PORTAL,고객포털,28033,general,active,read,2018-03-16,2025-09-15,2026-01-04
2075,28033,ERP,경영관리시스템,28033,general,active,read,2018-03-17,2025-12-31,2026-03-31
2076,28077,PORTAL,고객포털,28077,general,active,read,2025-08-26,2026-03-13,2024-07-19
2077,28077,ERP,경영관리시스템,28077,general,active,read,2025-08-27,2025-08-31,2024-01-28
2078,28089,PORTAL,고객포털,28089,general,active,read,2020-11-10,2025-04-09,2026-01-11
2079,28089,ERP,경영관리시스템,28089,general,active,read,2020-11-10,2025-07-29,2025-12-09
2080,28105,PORTAL,고객포털,28105,general,active,read,2019-12-29,2025-07-31,2026-02-08
2081,28105,ERP,경영관리시스템,28105,general,active,read,2019-12-30,2026-01-23,2026-01-21
2082,28128,PORTAL,고객포털,28128,general,active,read,2021-09-03,2025-04-01,2025-12-17
2083,28128,ERP,경영관리시스템,28128,general,active,read,2021-09-05,2025-12-19,2026-04-05
2084,28150,PORTAL,고객포털,28150,general,inactive,read,2021-12-12,2026-03-31,2026-03-28
2085,28150,ERP,경영관리시스템,28150,general,inactive,read,2021-12-11,2025-07-27,2026-03-20
2086,28166,PORTAL,고객포털,28166,general,active,read,2024-05-09,2026-01-04,2026-03-08
2087,28166,ERP,경영관리시스템,28166,general,active,read,2024-05-11,2025-11-10,2026-03-11
2088,28173,PORTAL,고객포털,28173,general,inactive,read,2020-11-08,2025-11-25,2026-04-14
2089,28173,ERP,경영관리시스템,28173,general,inactive,read,2020-11-04,2025-02-25,2026-04-13
2090,28211,CRED,신용평가시스템,28211,general,active,write,2019-02-17,2026-03-26,2026-03-27
2091,28211,DEVP,개발포털,28211,general,active,read,2019-02-15,2025-07-22,2026-04-12
2092,28211,DW,데이터웨어하우스,28211,general,active,read,2019-02-14,2026-01-27,2026-03-10
2093,28250,PORTAL,고객포털,28250,general,active,read,2023-10-01,2025-05-30,2026-01-18
2094,28250,ERP,경영관리시스템,28250,general,active,read,2023-10-04,2026-03-29,2026-03-12
2095,28346,CRED,신용평가시스템,28346,general,active,write,2021-02-14,2025-03-27,2026-02-12
2096,28346,DEVP,개발포털,28346,general,active,read,2021-02-15,2026-04-16,2026-02-14
2097,28346,DW,데이터웨어하우스,28346,general,active,write,2021-02-12,2025-08-26,2026-04-12
2098,28379,PORTAL,고객포털,28379,general,active,read,2019-03-05,2026-01-05,2025-12-24
2099,28379,ERP,경영관리시스템,28379,general,active,read,2019-03-06,2025-04-03,2025-12-29
2100,28390,CRED,신용평가시스템,28390,general,active,write,2023-10-15,2025-07-31,2026-01-04
2101,28390,ERP,경영관리시스템,28390,general,active,write,2023-10-13,2025-04-02,2026-03-26
2102,28390,DW,데이터웨어하우스,28390,general,active,write,2023-10-14,2025-02-16,2026-01-21
2103,28394,PORTAL,고객포털,28394,general,active,read,2021-04-19,2025-12-21,2026-02-21
2104,28394,ERP,경영관리시스템,28394,general,active,read,2021-04-18,2025-02-16,2026-01-01
2105,28448,CRED,신용평가시스템,28448,general,active,read,2018-03-21,2025-07-05,2026-03-26
2106,28448,DEVP,개발포털,28448,general,active,read,2018-03-21,2025-07-16,2026-04-14
2107,28448,DW,데이터웨어하우스,28448,general,active,write,2018-03-25,2025-10-09,2026-01-10
2108,28521,PORTAL,고객포털,28521,general,active,read,2024-09-29,2026-01-29,2025-12-12
2109,28521,ERP,경영관리시스템,28521,general,active,read,2024-09-27,2025-10-17,2026-02-24
2110,28585,PORTAL,고객포털,28585,general,active,read,2022-12-19,2026-03-21,2026-01-11
2111,28585,ERP,경영관리시스템,28585,general,active,read,2022-12-19,2026-01-29,2026-01-15
2112,28591,PORTAL,고객포털,28591,general,active,read,2017-10-29,2025-06-07,2026-03-18
2113,28591,ERP,경영관리시스템,28591,general,active,read,2017-10-31,2025-05-28,2026-03-25
2114,28648,PORTAL,고객포털,28648,general,active,read,2021-09-23,2026-04-06,2025-12-31
2115,28648,ERP,경영관리시스템,28648,general,active,read,2021-09-23,2025-01-02,2026-01-21
2116,28667,CRED,신용평가시스템,28667,general,active,write,2017-02-05,2025-08-23,2026-02-03
2117,28667,PORTAL,고객포털,28667,general,active,read,2017-02-04,2026-02-18,2026-04-07
2118,28667,ERP,경영관리시스템,28667,general,active,write,2017-02-01,2025-04-22,2026-04-06
2119,28667,DW,데이터웨어하우스,28667,general,active,write,2017-02-05,2025-07-29,2026-04-01
2120,28667,DEVP,개발포털,28667,general,active,read,2017-02-04,2025-11-04,2025-12-21
2121,28711,CRED,신용평가시스템,28711,general,active,read,2025-09-23,2025-05-23,2026-02-01
2122,28711,PORTAL,고객포털,28711,general,active,write,2025-09-27,2025-04-05,2026-01-23
2123,28711,ERP,경영관리시스템,28711,general,active,read,2025-09-24,2025-06-28,2025-12-15
2124,28711,DW,데이터웨어하우스,28711,general,active,write,2025-09-23,2025-12-08,2026-01-07
2125,28711,DEVP,개발포털,28711,general,active,write,2025-09-27,2026-04-17,2026-02-15
2126,28881,PORTAL,고객포털,28881,general,active,read,2024-10-18,2025-02-25,2025-12-13
2127,28881,ERP,경영관리시스템,28881,general,active,read,2024-10-21,2025-03-24,2026-01-15
2128,28893,PORTAL,고객포털,28893,general,active,read,2018-08-30,2025-08-22,2026-01-15
2129,28893,ERP,경영관리시스템,28893,general,active,read,2018-09-01,2026-04-22,2026-03-03
2130,28918,CRED,신용평가시스템,28918,general,inactive,write,2017-06-10,2025-06-15,2025-12-24
2131,28918,DEVP,개발포털,28918,general,inactive,write,2017-06-12,2026-01-24,2026-03-08
2132,28918,DW,데이터웨어하우스,28918,general,inactive,write,2017-06-13,2025-08-30,2025-12-17
2133,28970,PORTAL,고객포털,28970,general,active,read,2020-07-25,2025-12-22,2026-01-01
2134,28970,ERP,경영관리시스템,28970,general,active,read,2020-07-26,2025-09-27,2026-02-23
2135,28978,PORTAL,고객포털,28978,general,active,read,2025-01-08,2025-04-18,2026-04-14
2136,28978,ERP,경영관리시스템,28978,general,active,read,2025-01-06,2025-02-25,2025-12-15
2137,29004,PORTAL,고객포털,29004,general,active,read,2016-10-30,2025-02-14,2026-04-15
2138,29004,ERP,경영관리시스템,29004,general,active,read,2016-10-29,2025-08-07,2026-02-12
2139,29024,PORTAL,고객포털,29024,general,active,read,2021-08-12,2025-05-13,2026-02-20
2140,29024,ERP,경영관리시스템,29024,general,active,read,2021-08-12,2026-04-20,2026-03-01
2141,29087,PORTAL,고객포털,29087,general,active,read,2019-02-06,2025-09-24,2026-04-07
2142,29087,ERP,경영관리시스템,29087,general,active,read,2019-02-08,2026-02-18,2026-04-06
2143,29121,CRED,신용평가시스템,29121,general,inactive,read,2018-02-04,2025-05-29,2026-01-29
2144,29121,DEVP,개발포털,29121,general,inactive,write,2018-02-04,2025-01-13,2025-12-01
2145,29121,DW,데이터웨어하우스,29121,general,inactive,read,2018-02-06,2026-03-11,2025-12-31
2146,29125,PORTAL,고객포털,29125,general,active,read,2023-02-09,2025-07-31,2026-03-17
2147,29125,ERP,경영관리시스템,29125,general,active,read,2023-02-08,2025-06-29,2026-02-24
2148,29142,PORTAL,고객포털,29142,general,active,read,2019-09-06,2025-01-06,2026-01-24
2149,29142,ERP,경영관리시스템,29142,general,active,read,2019-09-03,2025-05-11,2026-02-11
2150,29155,CRED,신용평가시스템,29155,general,inactive,write,2024-07-31,2025-09-17,2026-02-17
2151,29155,DEVP,개발포털,29155,general,inactive,write,2024-08-04,2025-02-28,2026-02-21
2152,29155,DW,데이터웨어하우스,29155,general,inactive,write,2024-08-02,2026-01-06,2026-02-26
2153,29277,CRED,신용평가시스템,29277,general,active,write,2022-03-18,2025-04-10,2025-12-08
2154,29277,ERP,경영관리시스템,29277,general,active,read,2022-03-16,2025-09-03,2026-02-25
2155,29277,DW,데이터웨어하우스,29277,general,active,read,2022-03-17,2025-03-11,2025-12-10
2156,29282,PORTAL,고객포털,29282,general,active,read,2022-12-03,2025-11-18,2026-01-09
2157,29282,ERP,경영관리시스템,29282,general,active,read,2022-12-03,2025-08-25,2026-02-24
2158,29309,PORTAL,고객포털,29309,general,active,read,2016-07-16,2026-03-04,2025-12-15
2159,29309,ERP,경영관리시스템,29309,general,active,read,2016-07-17,2025-10-17,2026-02-15
2160,29349,PORTAL,고객포털,29349,general,inactive,read,2017-07-20,2025-04-17,2025-12-05
2161,29349,ERP,경영관리시스템,29349,general,inactive,read,2017-07-22,2026-02-14,2026-02-23
2162,29481,PORTAL,고객포털,29481,general,active,read,2021-07-18,2025-03-18,2025-12-17
2163,29481,ERP,경영관리시스템,29481,general,active,read,2021-07-18,2025-06-23,2025-12-08
2164,29498,PORTAL,고객포털,29498,general,inactive,read,2023-12-22,2025-10-20,2026-01-12
2165,29498,ERP,경영관리시스템,29498,general,inactive,read,2023-12-23,2025-04-06,2026-03-10
2166,29526,CRED,신용평가시스템,29526,general,active,write,2024-10-10,2025-12-28,2025-12-30
2167,29526,PORTAL,고객포털,29526,general,active,write,2024-10-08,2025-07-31,2025-12-09
2168,29526,ERP,경영관리시스템,29526,general,active,write,2024-10-06,2025-07-10,2026-04-07
2169,29526,DW,데이터웨어하우스,29526,general,active,write,2024-10-09,2025-09-26,2026-02-16
2170,29526,DEVP,개발포털,29526,general,active,write,2024-10-08,2025-07-11,2026-01-14
2171,29543,PORTAL,고객포털,29543,general,inactive,read,2020-06-30,2026-04-13,2026-01-21
2172,29543,ERP,경영관리시스템,29543,general,active,read,2020-06-30,2025-09-17,2026-03-24
2173,29548,PORTAL,고객포털,29548,general,active,read,2019-10-06,2026-04-09,2026-04-03
2174,29548,ERP,경영관리시스템,29548,general,active,read,2019-10-10,2025-04-08,2026-01-09
2175,29626,PORTAL,고객포털,29626,general,active,read,2025-03-12,2026-01-11,2026-04-03
2176,29626,ERP,경영관리시스템,29626,general,active,read,2025-03-14,2026-02-02,2026-02-18
2177,29726,PORTAL,고객포털,29726,general,inactive,read,2017-04-30,2026-01-29,2026-01-06
2178,29726,ERP,경영관리시스템,29726,general,inactive,read,2017-04-28,2025-12-13,2026-04-12
2179,29782,PORTAL,고객포털,29782,general,active,read,2021-01-16,2026-01-06,2026-01-22
2180,29782,ERP,경영관리시스템,29782,general,active,read,2021-01-15,2025-07-18,2026-03-28
2181,29819,CRED,신용평가시스템,29819,general,active,write,2019-09-02,2025-06-09,2025-12-30
2182,29819,DEVP,개발포털,29819,general,active,write,2019-08-29,2025-08-28,2025-12-23
2183,29819,DW,데이터웨어하우스,29819,general,active,read,2019-08-29,2026-01-28,2025-12-27
2184,29864,PORTAL,고객포털,29864,general,inactive,read,2018-10-11,2025-10-23,2025-12-06
2185,29864,ERP,경영관리시스템,29864,general,inactive,read,2018-10-11,2025-06-14,2026-01-23
2186,29876,PORTAL,고객포털,29876,general,active,read,2016-07-17,2025-05-27,2026-01-19
2187,29876,ERP,경영관리시스템,29876,general,active,read,2016-07-18,2026-01-31,2026-02-20
2188,29879,PORTAL,고객포털,29879,general,active,read,2023-05-13,2025-05-20,2025-12-31
2189,29879,ERP,경영관리시스템,29879,general,active,read,2023-05-11,2025-05-21,2026-01-10
2190,29954,PORTAL,고객포털,29954,general,active,read,2020-03-23,2025-11-15,2025-12-04
2191,29954,ERP,경영관리시스템,29954,general,active,read,2020-03-27,2025-02-22,2026-04-11
2192,29960,CRED,신용평가시스템,29960,general,active,read,2022-03-03,2025-06-13,2026-02-28
2193,29960,ERP,경영관리시스템,29960,general,active,read,2022-03-04,2026-02-16,2026-01-06
2194,29960,DW,데이터웨어하우스,29960,general,active,write,2022-03-04,2025-02-06,2026-02-01
